node,class,lambda0
100001,1,0.012562499999999999
100002,1,0.006062499999999999
100003,1,0.0075625
100004,1,0.0
100005,1,0.07231249999999999
100006,1,0.036125
100007,1,0.049374999999999995
100008,1,0.1040625
100009,1,0.06712499999999999
100010,1,0.08706249999999999
100011,1,0.0235625
100012,1,0.08087499999999999
100013,1,0.0544375
100014,1,0.05449999999999999
100015,1,0.027062500000000003
100016,1,0.0178125
100017,1,0.0193125
100018,1,0.041249999999999995
100019,1,0.019375
100020,1,0.017750000000000002
100021,1,0.0384375
100022,1,0.055
100023,1,0.0841875
100024,1,0.027562499999999997
100025,1,0.035
100026,1,0.018562499999999996
100027,1,0.017562499999999998
100028,1,0.048812499999999995
100029,1,0.0043125
100030,1,0.010125
100031,1,0.0006875
100032,1,0.036375
100033,1,0.0039375
100034,1,0.028687499999999994
100035,1,0.0035624999999999993
100036,1,0.063
100037,1,0.005187499999999999
100038,1,0.015499999999999998
100039,1,0.00475
100040,1,0.033062499999999995
100041,1,0.0224375
100042,1,0.0156875
100043,1,0.014812499999999998
100044,1,0.01275
100045,1,0.014562499999999997
100046,1,0.014374999999999999
100047,1,0.0191875
100048,1,0.029312499999999995
100049,1,0.0194375
100050,1,0.014749999999999997
100051,1,0.0455
100052,1,0.03575
100053,1,0.043375
100054,1,0.015812499999999997
100055,1,0.021
100056,1,0.0321875
100057,1,0.0199375
100058,1,0.041187499999999995
100059,1,0.00925
100060,1,0.030812500000000003
100061,1,0.014499999999999997
100062,1,0.032562499999999994
100063,1,0.0228125
100064,1,0.013312499999999998
100065,1,0.0036249999999999993
100066,1,0.005999999999999999
100067,1,0.006187499999999999
100068,1,0.0043125
100069,1,0.007749999999999999
100070,1,0.013562499999999998
100071,1,0.020812499999999998
100072,1,0.010562499999999999
100073,1,0.008062499999999998
100074,1,0.013187499999999998
100075,1,0.0055
100076,1,0.044875
100077,1,0.013375
100078,1,0.013874999999999998
100079,1,0.013312499999999998
100080,1,0.0075625
100081,1,0.012624999999999999
100082,1,0.015499999999999998
100083,1,0.059937500000000005
100084,1,0.06824999999999999
100085,1,0.0796875
100086,1,0.05899999999999999
100087,1,0.056
100088,1,0.04693749999999999
100089,1,0.0255
100090,1,0.027249999999999996
100091,1,0.011937499999999998
100092,1,0.03712499999999999
100093,1,0.047375
100094,1,0.0559375
100095,1,0.0216875
100096,1,0.0219375
100097,1,0.020124999999999997
100098,1,0.016562499999999997
100099,1,0.0159375
100100,1,0.01175
100101,1,0.0108125
100102,1,0.016749999999999998
100103,1,0.018874999999999996
100104,1,0.0135
100105,1,0.016124999999999997
100106,1,0.012374999999999999
100107,1,0.0034375
100108,1,0.0354375
100109,1,0.004625
100110,1,0.007249999999999999
100111,1,0.016749999999999998
100112,1,0.0151875
100113,1,0.006937499999999999
100114,1,0.007500000000000001
100115,1,0.010625
100116,1,0.041874999999999996
100117,1,0.0064375
100118,1,0.0073124999999999996
100119,1,0.00125
100120,1,0.013249999999999998
100121,1,0.0091875
100122,1,0.012875
100123,1,0.021875
100124,1,0.012937499999999998
100125,1,0.015812499999999997
100126,1,0.0174375
100127,1,0.0079375
100128,1,0.0098125
100129,1,0.0155625
100130,1,0.035062499999999996
100131,1,0.0439375
100132,1,0.0840625
100133,1,0.00975
100134,1,0.035500000000000004
100135,1,0.0679375
100136,1,0.0731875
100137,1,0.1415
100138,1,0.052
100139,1,0.050499999999999996
100140,1,0.07037500000000001
100141,1,0.0825625
100142,1,0.0699375
100143,1,0.11631249999999999
100144,1,0.04556249999999999
100145,1,0.0116875
100146,1,0.013562499999999998
100147,1,0.018375
100148,1,0.008687499999999999
100149,1,0.016687499999999997
100150,1,0.0096875
100151,1,0.09293749999999999
100152,1,0.0
100153,1,0.07125
100154,1,0.122875
100155,1,0.102625
100156,1,0.09856249999999998
100157,1,0.08424999999999999
100158,1,0.1021875
100159,1,0.12575
100160,1,0.11024999999999999
100161,1,0.1253125
100162,1,0.1175
100163,1,0.11206250000000001
100164,1,0.09331249999999999
100165,1,0.14706249999999998
100166,1,0.028937499999999998
100167,1,0.07268749999999999
100168,1,0.00175
100169,1,0.07512499999999998
100170,1,0.09768749999999998
100171,1,0.0968125
100172,1,0.0636875
100173,1,0.002
100174,1,0.03912499999999999
100175,1,0.056499999999999995
100176,1,0.0381875
100177,1,0.0361875
100178,1,0.0718125
100179,1,0.08012499999999999
100180,1,0.05268749999999999
100181,1,0.06674999999999999
100182,1,0.064
100183,1,0.0544375
100184,1,0.0865625
100185,1,0.0034375
100186,1,0.06668749999999998
100187,1,0.042
100188,1,0.013249999999999998
100189,1,0.005124999999999999
100190,1,0.10531249999999999
100191,1,0.029062499999999998
100192,1,0.024624999999999994
100193,1,0.047874999999999994
100194,1,0.028874999999999998
100195,1,0.056812499999999995
100196,1,0.0
100197,1,0.024249999999999997
100198,1,0.0276875
100199,1,0.0
100200,1,0.09724999999999999
100201,1,0.023125
100202,1,0.05706249999999999
100203,1,0.028562499999999998
100204,1,0.024687499999999998
100205,1,0.04506249999999999
100206,1,0.1165625
100207,1,0.06237499999999999
100208,1,0.0825625
100209,1,0.0373125
100210,1,0.0
100211,1,0.041749999999999995
100212,1,0.11818749999999999
100213,1,0.0765
100214,1,0.056
100215,1,0.0436875
100216,1,0.0653125
100217,1,0.0
100218,1,0.014124999999999999
100219,1,0.0
100220,1,0.0875625
100221,1,0.0728125
100222,1,0.0524375
100223,1,0.034
100224,1,0.0135
100225,1,0.1666875
100226,1,0.14487499999999998
100227,1,0.10993749999999998
100228,1,0.044
100229,1,0.074625
100230,1,0.09006249999999999
100231,1,0.0588125
100232,1,0.0935
100233,1,0.048312499999999994
100234,1,0.0
100235,1,0.0
100236,1,0.017312499999999998
100237,1,0.19293749999999998
100238,1,0.13118749999999998
100239,1,0.1558125
100240,1,0.031125
100241,1,0.0971875
100242,1,0.09887499999999999
100243,1,0.09943749999999998
100244,1,0.0814375
100245,1,0.026187499999999996
100246,1,0.048249999999999994
100247,1,0.0
100248,1,0.00025
100249,1,0.012937499999999998
100250,1,0.0299375
100251,1,0.086125
100252,1,0.061312500000000006
100253,1,0.021437499999999998
100254,1,0.0
100255,1,0.0
100256,1,0.0038125000000000004
100257,1,0.043875
100258,1,0.0633125
100259,1,0.09225
100260,1,0.048999999999999995
100261,1,0.061312500000000006
100262,1,0.0048125
100263,1,0.048562499999999995
100264,1,0.0366875
100265,1,0.07293749999999999
100266,1,0.031937499999999994
100267,1,0.00175
100268,1,0.00025
100269,1,0.014312499999999999
100270,1,0.0
100271,1,0.020749999999999998
100272,1,0.0
100273,1,0.0
100274,1,0.0
100275,1,0.0
100276,1,0.0
100277,1,0.0
100278,1,0.0
100279,1,0.0
100280,1,0.0
100281,1,0.0
100282,1,0.00425
100283,1,0.0003125
100284,1,0.08024999999999999
100285,1,0.087375
100286,1,0.0813125
100287,1,0.05475
100288,1,0.041562499999999995
100289,1,0.0650625
100290,1,0.0715
100291,1,0.12474999999999999
100292,1,0.013562499999999998
100293,1,0.0151875
100294,1,0.050749999999999997
100295,1,0.06774999999999999
100296,1,0.049874999999999996
100297,1,0.065375
100298,1,0.054375
100299,1,0.0705625
100300,1,0.042249999999999996
100301,1,0.09306249999999999
100302,1,0.069125
100303,1,0.0364375
100304,1,0.03075
100305,1,0.020437499999999997
100306,1,0.0421875
100307,1,0.0621875
100308,1,0.016312499999999997
100309,1,0.050562499999999996
100310,1,0.0219375
100311,1,0.01275
100312,1,0.0035624999999999993
100313,1,0.015625
100314,1,0.002625
100315,1,0.007
100316,1,0.10825000000000001
100317,1,0.026
100318,1,0.0470625
100319,1,0.0321875
100320,1,0.014562499999999997
100321,1,0.0021875
100322,1,0.0300625
100323,1,0.004625
100324,1,0.005124999999999999
100325,1,0.04474999999999999
100326,1,0.048687499999999995
100327,1,0.061937500000000006
100328,1,0.0014999999999999998
100329,1,0.0639375
100330,1,0.075625
100331,1,0.023624999999999997
100332,1,0.0
100333,1,0.06231249999999999
100334,1,0.063125
100335,1,0.0528125
100336,1,0.0693125
100337,1,0.07268749999999999
100338,1,0.0711875
100339,1,0.11162499999999999
100340,1,0.13243749999999999
100341,1,0.09662499999999999
100342,1,0.0
100343,1,0.062875
100344,1,0.0715
100345,1,0.14068749999999997
100346,1,0.020749999999999998
100347,1,0.05125
100348,1,0.031375
100349,1,0.0193125
100350,1,0.02943749999999999
100351,1,0.010187499999999999
100352,1,0.08262499999999999
100353,1,0.10168749999999999
100354,1,0.0
100355,1,0.0
100356,1,0.027624999999999997
100357,1,0.12000000000000001
100358,1,0.0
100359,1,0.016062499999999997
100360,1,0.0
100361,1,0.059875
100362,1,0.19724999999999998
100363,1,0.028249999999999997
100364,1,0.033812499999999995
100365,1,0.0305625
100366,1,0.0
100367,1,0.0053750000000000004
100368,1,0.0038749999999999995
100369,1,0.0038749999999999995
100370,1,0.008
100371,1,0.0064375
100372,1,0.002125
100373,1,0.0050625
100374,1,0.012124999999999999
100375,1,0.014374999999999999
100376,1,0.0021875
100377,1,0.015250000000000001
100378,1,0.00325
100379,1,0.0109375
100380,1,0.002375
100381,1,0.004
100382,1,0.001
100383,1,0.0005625
100384,1,0.001
100385,1,0.0
100386,1,0.00425
100387,1,0.014812499999999998
100388,1,0.0
100389,1,0.008687499999999999
100390,1,0.0031875
100391,1,0.004375
100392,1,0.001
100393,1,0.0
100394,1,0.0039375
100395,1,0.0026875000000000002
100396,1,0.0003125
100397,1,0.0011875
100398,1,0.0005625
100399,1,0.0005
100400,1,0.0056875
100401,1,0.002875
100402,1,0.0014999999999999998
100403,1,0.0040625
100404,1,0.0018124999999999997
100405,1,0.0013125
100406,1,0.00425
100407,1,0.009937499999999998
100408,1,0.002375
100409,1,0.0064375
100410,1,0.0090625
100411,1,0.0058125
100412,1,0.01825
100413,1,0.0008125
100414,1,0.017562499999999998
100415,1,0.0
100416,1,0.0003125
100417,1,0.0005
100418,1,0.00475
100419,1,0.0015624999999999999
100420,1,0.017875
100421,1,0.057437499999999996
100422,1,0.0236875
100423,1,0.036875
100424,1,0.056562499999999995
100425,1,0.0370625
100426,1,0.051375
100427,1,0.022
100428,1,0.058187499999999996
100429,1,0.06231249999999999
100430,1,0.08024999999999999
100431,1,0.0805625
100432,1,0.07643749999999999
100433,1,0.226375
100434,1,0.06262499999999999
100435,1,0.0345
100436,1,0.034124999999999996
100437,1,0.051375
100438,1,0.0878125
100439,1,0.0718125
100440,1,0.43825
100441,1,0.31425
100442,1,0.2699375
100443,1,0.23018749999999993
100444,1,0.09931249999999998
100445,1,0.057812499999999996
100446,1,0.059125
100447,1,0.10168749999999999
100448,1,0.12025
100449,1,0.09699999999999999
100450,1,0.0614375
100451,1,0.0384375
100452,1,0.041812499999999996
100453,1,0.0843125
100454,1,0.1001875
100455,1,0.09074999999999998
100456,1,0.06962499999999999
100457,1,0.22262499999999996
100458,1,0.04956249999999999
100459,1,0.0709375
100460,1,0.0524375
100461,1,0.08925
100462,1,0.0185
100463,1,0.024374999999999997
100464,1,0.0463125
100465,1,0.06387499999999999
100466,1,0.0634375
100467,1,0.09074999999999998
100468,1,0.06606249999999998
100469,1,0.0006875
100470,1,0.041249999999999995
100471,1,0.040687499999999995
100472,1,0.035062499999999996
100473,1,0.027624999999999997
100474,1,0.049999999999999996
100475,1,0.0524375
100476,1,0.0315625
100477,1,0.0874375
100478,1,0.074625
100479,1,0.061312500000000006
100480,1,0.035500000000000004
100481,1,0.06662499999999999
100482,1,0.08287499999999999
100483,1,0.0769375
100484,1,0.084375
100485,1,0.0683125
100486,1,0.07075
100487,1,0.08368749999999998
100488,1,0.08906249999999999
100489,1,0.047937499999999994
100490,1,0.0698125
100491,1,0.19499999999999998
100492,1,0.06924999999999999
100493,1,0.1001875
100494,1,0.040624999999999994
100495,1,0.043625
100496,1,0.0731875
100497,1,0.0668125
100498,1,0.08106249999999998
100499,1,0.15275
100500,1,0.09206249999999999
100501,1,0.07543749999999999
100502,1,0.028624999999999998
100503,1,0.016937499999999998
100504,1,0.45974999999999994
100505,1,0.199875
100506,1,0.11924999999999998
100507,1,0.09818749999999998
100508,1,0.5254375
100509,1,0.16024999999999998
100510,1,0.0735
100511,1,0.0
100512,1,0.0304375
100513,1,0.0075625
100514,1,0.023125
100515,1,0.0436875
100516,1,0.049062499999999995
100517,1,0.09762499999999999
100518,1,0.0795625
100519,1,0.143125
100520,1,0.002125
100521,1,0.0790625
100522,1,0.033562499999999995
100523,1,0.0050625
100524,1,0.001125
100525,1,0.0071249999999999985
100526,1,0.01
100527,1,0.0073124999999999996
100528,1,0.0220625
100529,1,0.42318749999999994
100530,1,0.0435625
100531,1,0.051875
100532,1,0.05793749999999999
100533,1,0.023937499999999997
100534,1,0.0
100535,1,0.0
100536,1,0.0
100537,1,0.011999999999999999
100538,1,0.0
100539,1,0.007875
100540,1,0.0
100541,1,0.0095625
100542,1,0.0
100543,1,0.0
100544,1,0.011999999999999999
100545,1,0.0
100546,1,0.0218125
100547,1,0.19662499999999997
100548,1,0.0
100549,1,0.0031249999999999997
100550,1,0.0408125
100551,1,0.06949999999999999
100552,1,0.071875
100553,1,0.10418749999999999
100554,1,0.049687499999999996
100555,1,0.06774999999999999
100556,1,0.0463125
100557,1,0.03912499999999999
100558,1,0.048812499999999995
100559,1,0.047562499999999994
100560,1,0.033
100561,1,0.05274999999999999
100562,1,0.12331249999999999
100563,1,0.0803125
100564,1,0.069
100565,1,0.09093749999999999
100566,1,0.077125
100567,1,0.0
100568,1,0.0990625
100569,1,0.012249999999999999
100570,1,0.049937499999999996
100571,1,0.05418749999999999
100572,1,0.0468125
100573,1,0.04574999999999999
100574,1,0.058124999999999996
100575,1,0.0514375
100576,1,0.0
100577,1,0.014312499999999999
100578,1,0.0
100579,1,0.05362499999999999
100580,1,0.0395
100581,1,0.047375
100582,1,0.050875
100583,1,0.0476875
100584,1,0.0029999999999999996
100585,1,0.006937499999999999
100586,1,0.0055625
100587,1,0.09387499999999999
100588,1,0.010374999999999999
100589,1,0.05456249999999999
100590,1,0.0
100591,1,0.001125
100592,1,0.001375
100593,1,0.048624999999999995
100594,1,0.3210625
100595,1,0.0
100596,1,0.061875
100597,1,0.0
100598,1,0.102875
100599,1,0.2125
100600,1,0.10768749999999999
100601,1,0.155625
100602,1,0.0668125
100603,1,0.072125
100604,1,0.0646875
100605,1,0.054375
100606,1,0.0524375
100607,1,0.05975
100608,1,0.033187499999999995
100609,1,0.030687499999999996
100610,1,0.07975
100611,1,0.012124999999999999
100612,1,0.04474999999999999
100613,1,0.058124999999999996
100614,1,0.039875
100615,1,0.041562499999999995
100616,1,0.0460625
100617,1,0.033312499999999995
100618,1,0.050625
100619,1,0.037375
100620,1,0.026499999999999996
100621,1,0.0421875
100622,1,0.020624999999999998
100623,1,0.0528125
100624,1,0.025874999999999995
100625,1,0.031187499999999996
100626,1,0.0008125
100627,1,0.013812499999999998
100628,1,0.0470625
100629,1,0.02
100630,1,0.010312499999999999
100631,1,0.055187499999999994
100632,1,0.0194375
100633,1,0.01725
100634,1,0.0146875
100635,1,0.020374999999999997
100636,1,0.03925
100637,1,0.030125
100638,1,0.04574999999999999
100639,1,0.0194375
100640,1,0.026812499999999996
100641,1,0.028
100642,1,0.018812499999999996
100643,1,0.029687499999999995
100644,1,0.0253125
100645,1,0.051875
100646,1,0.022874999999999996
100647,1,0.028999999999999995
100648,1,0.015125
100649,1,0.033749999999999995
100650,1,0.0233125
100651,1,0.029812499999999995
100652,1,0.032624999999999994
100653,1,0.041062499999999995
100654,1,0.057499999999999996
100655,1,0.0278125
100656,1,0.06262499999999999
100657,1,0.02575
100658,1,0.0361875
100659,1,0.034375
100660,1,0.0224375
100661,1,0.0221875
100662,1,0.046375
100663,1,0.028
100664,1,0.0321875
100665,1,0.028874999999999998
100666,1,0.0
100667,1,0.10981250000000001
100668,1,0.0
100669,1,0.015875
100670,1,0.0085625
100671,1,0.014624999999999999
100672,1,0.0165
100673,1,0.09181249999999999
100674,1,0.0265625
100675,1,0.02
100676,1,0.026437499999999996
100677,1,0.024562499999999998
100678,1,0.0340625
100679,1,0.0345625
100680,1,0.011875
100681,1,0.040124999999999994
100682,1,0.0
100683,1,0.048812499999999995
100684,1,0.034749999999999996
100685,1,0.06199999999999999
100686,1,0.0314375
100687,1,0.0254375
100688,1,0.043125
100689,1,0.03162499999999999
100690,1,0.028249999999999997
100691,1,0.05899999999999999
100692,1,0.06549999999999999
100693,1,0.046875
100694,1,0.07393749999999999
100695,1,0.050062499999999996
100696,1,0.022624999999999996
100697,1,0.019375
100698,1,0.011999999999999999
100699,1,0.05949999999999998
100700,1,0.06206249999999999
100701,1,0.000625
100702,1,0.0299375
100703,1,0.027124999999999996
100704,1,0.04506249999999999
100705,1,0.0393125
100706,1,0.0861875
100707,1,0.049374999999999995
100708,1,0.0435625
100709,1,0.056499999999999995
100710,1,0.022624999999999996
100711,1,0.0275
100712,1,0.06475
100713,1,0.045625
100714,1,0.018937499999999996
100715,1,0.015499999999999998
100716,1,0.023624999999999997
100717,1,0.010437499999999999
100718,1,0.02943749999999999
100719,1,0.012437499999999997
100720,1,0.05274999999999999
100721,1,0.055
100722,1,0.0393125
100723,1,0.0441875
100724,1,0.027437499999999997
100725,1,0.0066875
100726,1,0.019874999999999997
100727,1,0.0090625
100728,1,0.0005625
100729,1,0.032874999999999995
100730,1,0.0
100731,1,0.0036874999999999994
100732,1,0.042124999999999996
100733,1,0.030375
100734,1,0.08356249999999998
100735,1,0.05837499999999999
100736,1,0.16462499999999997
100737,1,0.093625
100738,1,0.057562499999999996
100739,1,0.033749999999999995
100740,1,0.03912499999999999
100741,1,0.032874999999999995
100742,1,0.0465
100743,1,0.029375
100744,1,0.0
100745,1,0.00037499999999999995
100746,1,0.0
100747,1,0.0155625
100748,1,0.00825
100749,1,0.007625000000000001
100750,1,0.033187499999999995
100751,1,0.0403125
100752,1,0.034124999999999996
100753,1,0.057437499999999996
100754,1,0.0725625
100755,1,0.0341875
100756,1,0.02175
100757,1,0.05174999999999999
100758,1,0.043000000000000003
100759,1,0.0310625
100760,1,0.0386875
100761,1,0.069375
100762,1,0.0340625
100763,1,0.043625
100764,1,0.034875
100765,1,0.047125
100766,1,0.0464375
100767,1,0.5124375
100768,1,0.072125
100769,1,0.069
100770,1,0.0
100771,1,0.07275
100772,1,0.0629375
100773,1,0.056562499999999995
100774,1,0.0668125
100775,1,0.07581249999999999
100776,1,0.03912499999999999
100777,1,0.063375
100778,1,0.0004375
100779,1,0.0465
100780,1,0.010249999999999999
100781,1,0.039875
100782,1,0.15849999999999997
100783,1,0.1479375
100784,1,0.00225
100785,1,0.0
100786,1,0.0231875
100787,1,0.07306249999999999
100788,1,0.061937500000000006
100789,1,0.03712499999999999
100790,1,0.0426875
100791,1,0.04493749999999999
100792,1,0.08337499999999999
100793,1,0.042624999999999996
100794,1,0.057187499999999995
100795,1,0.0663125
100796,1,0.0528125
100797,1,0.020749999999999998
100798,1,0.0184375
100799,1,0.2455625
100800,1,0.40875
100801,1,0.058124999999999996
100802,1,0.010125
100803,1,0.0
100804,1,0.0621875
100805,1,0.105875
100806,1,0.08600000000000001
100807,1,0.0
100808,1,0.0386875
100809,1,0.024562499999999998
100810,1,0.013562499999999998
100811,1,0.0014375
100812,1,0.009375
100813,1,0.038375
100814,1,0.176
100815,1,0.1494375
100816,1,0.0
100817,1,0.0014375
100818,1,0.05449999999999999
100819,1,0.26143749999999993
100820,1,0.0
100821,1,0.0
100822,1,0.077125
100823,1,0.0878125
100824,1,0.06175
100825,1,0.15375
100826,1,0.15462499999999998
100827,1,0.05737499999999999
100828,1,0.1493125
100829,1,0.06549999999999999
100830,1,0.0
100831,1,0.04493749999999999
100832,1,0.05174999999999999
100833,1,0.032124999999999994
100834,1,0.0035624999999999993
100835,1,0.026374999999999996
100836,1,0.0535
100837,1,0.021
100838,1,0.020624999999999998
100839,1,0.029687499999999995
100840,1,0.0
100841,1,0.07106249999999999
100842,1,0.05931249999999999
100843,1,0.0763125
100844,1,0.0
100845,1,0.0
100846,1,0.0563125
100847,1,0.0645625
100848,1,0.07443749999999999
100849,1,0.014437499999999999
100850,1,0.0688125
100851,1,0.0356875
100852,1,0.0529375
100853,1,0.041437499999999995
100854,1,0.039375
100855,1,0.012062499999999999
100856,1,0.18193749999999997
100857,1,0.19799999999999998
100858,1,0.049874999999999996
100859,1,0.010875
100860,1,0.0
100861,1,0.058499999999999996
100862,1,0.03762499999999999
100863,1,0.0175
100864,1,0.049624999999999996
100865,1,0.054625
100866,1,0.03787499999999999
100867,1,0.2293125
100868,1,0.0235
100869,1,0.06774999999999999
100870,1,0.017625
100871,1,0.0650625
100872,1,0.012374999999999999
100873,1,0.01375
100874,1,0.09487499999999999
100875,1,0.030625
100876,1,0.04543749999999999
100877,1,0.0215625
100878,1,0.0391875
100879,1,0.27612499999999995
100880,1,0.06387499999999999
100881,1,0.028062499999999997
100882,1,0.0
100883,1,0.0644375
100884,1,0.009875
100885,1,0.20293749999999997
100886,1,0.1146875
100887,1,0.0
100888,1,0.015875
100889,1,0.068125
100890,1,0.0345
100891,1,0.011625
100892,1,0.063375
100893,1,0.009937499999999998
100894,1,0.012187499999999999
100895,1,0.01925
100896,1,0.010312499999999999
100897,1,0.005
100898,1,0.0098125
100899,1,0.002
100900,1,0.056625
100901,1,0.0154375
100902,1,0.0098125
100903,1,0.015125
100904,1,0.0
100905,1,0.12274999999999998
100906,1,0.044375
100907,1,0.0799375
100908,1,0.047749999999999994
100909,1,0.023937499999999997
100910,1,0.0078125
100911,1,0.00425
100912,1,0.012312499999999997
100913,1,0.054
100914,1,0.027124999999999996
100915,1,0.03693749999999999
100916,1,0.049999999999999996
100917,1,0.03724999999999999
100918,1,0.0709375
100919,1,0.043375
100920,1,0.0309375
100921,1,0.030999999999999996
100922,1,0.1491875
100923,1,0.0
100924,1,0.0
100925,1,0.043375
100926,1,0.023937499999999997
100927,1,0.049374999999999995
100928,1,0.05668749999999999
100929,1,0.033812499999999995
100930,1,0.043000000000000003
100931,1,0.0
100932,1,0.041562499999999995
100001,2,0.0052343749999999994
100002,2,0.0025260416666666665
100003,2,0.0031510416666666666
100004,2,0.0
100005,2,0.030130208333333335
100006,2,0.015052083333333334
100007,2,0.020572916666666666
100008,2,0.043359375
100009,2,0.02796875
100010,2,0.03627604166666667
100011,2,0.009817708333333333
100012,2,0.03369791666666667
100013,2,0.022682291666666667
100014,2,0.022708333333333334
100015,2,0.011276041666666667
100016,2,0.007421874999999999
100017,2,0.008046875
100018,2,0.0171875
100019,2,0.008072916666666666
100020,2,0.007395833333333333
100021,2,0.016015625
100022,2,0.022916666666666665
100023,2,0.035078124999999995
100024,2,0.011484374999999998
100025,2,0.014583333333333334
100026,2,0.007734375
100027,2,0.007317708333333333
100028,2,0.020338541666666668
100029,2,0.0017968749999999999
100030,2,0.004218749999999999
100031,2,0.0002864583333333333
100032,2,0.015156250000000001
100033,2,0.001640625
100034,2,0.011953125
100035,2,0.001484375
100036,2,0.02625
100037,2,0.002161458333333333
100038,2,0.006458333333333333
100039,2,0.0019791666666666664
100040,2,0.013776041666666666
100041,2,0.009348958333333332
100042,2,0.0065364583333333325
100043,2,0.006171874999999999
100044,2,0.0053125
100045,2,0.006067708333333333
100046,2,0.005989583333333333
100047,2,0.007994791666666666
100048,2,0.012213541666666668
100049,2,0.008098958333333333
100050,2,0.006145833333333333
100051,2,0.018958333333333334
100052,2,0.014895833333333334
100053,2,0.018072916666666668
100054,2,0.006588541666666666
100055,2,0.00875
100056,2,0.013411458333333333
100057,2,0.008307291666666668
100058,2,0.017161458333333334
100059,2,0.0038541666666666663
100060,2,0.012838541666666667
100061,2,0.0060416666666666665
100062,2,0.013567708333333333
100063,2,0.009505208333333333
100064,2,0.005546875
100065,2,0.0015104166666666666
100066,2,0.0025
100067,2,0.0025781249999999997
100068,2,0.0017968749999999999
100069,2,0.0032291666666666666
100070,2,0.005651041666666666
100071,2,0.008671875
100072,2,0.004401041666666666
100073,2,0.0033593749999999995
100074,2,0.005494791666666667
100075,2,0.0022916666666666662
100076,2,0.018697916666666665
100077,2,0.005572916666666667
100078,2,0.00578125
100079,2,0.005546875
100080,2,0.0031510416666666666
100081,2,0.005260416666666667
100082,2,0.006458333333333333
100083,2,0.024973958333333334
100084,2,0.028437499999999998
100085,2,0.033203125
100086,2,0.024583333333333332
100087,2,0.02333333333333333
100088,2,0.019557291666666664
100089,2,0.010625
100090,2,0.011354166666666667
100091,2,0.004973958333333333
100092,2,0.01546875
100093,2,0.01973958333333333
100094,2,0.023307291666666664
100095,2,0.009036458333333334
100096,2,0.009140625
100097,2,0.008385416666666666
100098,2,0.0069010416666666664
100099,2,0.006640625
100100,2,0.004895833333333333
100101,2,0.004505208333333333
100102,2,0.006979166666666666
100103,2,0.007864583333333335
100104,2,0.005625
100105,2,0.006718749999999999
100106,2,0.005156249999999999
100107,2,0.0014322916666666666
100108,2,0.014765624999999998
100109,2,0.0019270833333333332
100110,2,0.0030208333333333333
100111,2,0.006979166666666666
100112,2,0.006328125
100113,2,0.002890625
100114,2,0.0031249999999999997
100115,2,0.004427083333333333
100116,2,0.017447916666666664
100117,2,0.0026822916666666666
100118,2,0.0030468749999999997
100119,2,0.0005208333333333333
100120,2,0.0055208333333333325
100121,2,0.003828125
100122,2,0.005364583333333333
100123,2,0.009114583333333334
100124,2,0.005390625
100125,2,0.006588541666666666
100126,2,0.0072656249999999995
100127,2,0.0033072916666666667
100128,2,0.0040885416666666665
100129,2,0.006484375
100130,2,0.014609374999999999
100131,2,0.018307291666666666
100132,2,0.03502604166666667
100133,2,0.0040625
100134,2,0.014791666666666667
100135,2,0.028307291666666665
100136,2,0.030494791666666663
100137,2,0.058958333333333335
100138,2,0.021666666666666667
100139,2,0.021041666666666667
100140,2,0.029322916666666667
100141,2,0.03440104166666666
100142,2,0.029140625
100143,2,0.048463541666666665
100144,2,0.018984374999999998
100145,2,0.004869791666666666
100146,2,0.005651041666666666
100147,2,0.00765625
100148,2,0.0036197916666666666
100149,2,0.006953125
100150,2,0.004036458333333333
100151,2,0.038723958333333336
100152,2,0.0
100153,2,0.029687499999999995
100154,2,0.05119791666666666
100155,2,0.04276041666666666
100156,2,0.04106770833333333
100157,2,0.035104166666666665
100158,2,0.042578124999999994
100159,2,0.052395833333333336
100160,2,0.04593749999999999
100161,2,0.05221354166666667
100162,2,0.04895833333333333
100163,2,0.04669270833333333
100164,2,0.03888020833333333
100165,2,0.06127604166666667
100166,2,0.012057291666666666
100167,2,0.030286458333333335
100168,2,0.0007291666666666666
100169,2,0.03130208333333333
100170,2,0.040703125
100171,2,0.040338541666666665
100172,2,0.026536458333333332
100173,2,0.0008333333333333333
100174,2,0.01630208333333333
100175,2,0.023541666666666666
100176,2,0.015911458333333333
100177,2,0.015078125000000001
100178,2,0.029921875
100179,2,0.03338541666666667
100180,2,0.021953125
100181,2,0.0278125
100182,2,0.026666666666666665
100183,2,0.022682291666666667
100184,2,0.03606770833333333
100185,2,0.0014322916666666666
100186,2,0.027786458333333333
100187,2,0.0175
100188,2,0.0055208333333333325
100189,2,0.0021354166666666665
100190,2,0.04388020833333333
100191,2,0.012109374999999999
100192,2,0.010260416666666668
100193,2,0.019947916666666666
100194,2,0.01203125
100195,2,0.023671875
100196,2,0.0
100197,2,0.010104166666666666
100198,2,0.011536458333333333
100199,2,0.0
100200,2,0.04052083333333333
100201,2,0.009635416666666667
100202,2,0.023776041666666668
100203,2,0.011901041666666666
100204,2,0.010286458333333333
100205,2,0.018776041666666667
100206,2,0.04856770833333333
100207,2,0.02598958333333333
100208,2,0.03440104166666666
100209,2,0.015546875
100210,2,0.0
100211,2,0.017395833333333333
100212,2,0.04924479166666666
100213,2,0.031875
100214,2,0.02333333333333333
100215,2,0.018203125
100216,2,0.027213541666666664
100217,2,0.0
100218,2,0.005885416666666666
100219,2,0.0
100220,2,0.036484375
100221,2,0.030338541666666663
100222,2,0.02184895833333333
100223,2,0.014166666666666668
100224,2,0.005625
100225,2,0.06945312499999999
100226,2,0.060364583333333326
100227,2,0.045807291666666666
100228,2,0.01833333333333333
100229,2,0.03109375
100230,2,0.03752604166666666
100231,2,0.024505208333333334
100232,2,0.03895833333333333
100233,2,0.02013020833333333
100234,2,0.0
100235,2,0.0
100236,2,0.007213541666666667
100237,2,0.080390625
100238,2,0.05466145833333333
100239,2,0.06492187499999999
100240,2,0.01296875
100241,2,0.04049479166666667
100242,2,0.04119791666666667
100243,2,0.04143229166666666
100244,2,0.03393229166666666
100245,2,0.010911458333333334
100246,2,0.020104166666666666
100247,2,0.0
100248,2,0.00010416666666666666
100249,2,0.005390625
100250,2,0.012473958333333333
100251,2,0.03588541666666666
100252,2,0.025546875
100253,2,0.008932291666666667
100254,2,0.0
100255,2,0.0
100256,2,0.0015885416666666665
100257,2,0.01828125
100258,2,0.026380208333333335
100259,2,0.0384375
100260,2,0.020416666666666666
100261,2,0.025546875
100262,2,0.0020052083333333332
100263,2,0.020234375
100264,2,0.015286458333333332
100265,2,0.030390624999999998
100266,2,0.013307291666666667
100267,2,0.0007291666666666666
100268,2,0.00010416666666666666
100269,2,0.0059635416666666665
100270,2,0.0
100271,2,0.008645833333333332
100272,2,0.0
100273,2,0.0
100274,2,0.0
100275,2,0.0
100276,2,0.0
100277,2,0.0
100278,2,0.0
100279,2,0.0
100280,2,0.0
100281,2,0.0
100282,2,0.0017708333333333335
100283,2,0.00013020833333333333
100284,2,0.033437499999999995
100285,2,0.03640625
100286,2,0.033880208333333335
100287,2,0.0228125
100288,2,0.017317708333333334
100289,2,0.027109375
100290,2,0.029791666666666668
100291,2,0.05197916666666666
100292,2,0.005651041666666666
100293,2,0.006328125
100294,2,0.021145833333333332
100295,2,0.028229166666666663
100296,2,0.020781249999999998
100297,2,0.02723958333333333
100298,2,0.02265625
100299,2,0.029401041666666666
100300,2,0.017604166666666664
100301,2,0.03877604166666667
100302,2,0.028802083333333332
100303,2,0.015182291666666665
100304,2,0.0128125
100305,2,0.008515625
100306,2,0.017578125
100307,2,0.02591145833333333
100308,2,0.006796875
100309,2,0.021067708333333334
100310,2,0.009140625
100311,2,0.0053125
100312,2,0.001484375
100313,2,0.006510416666666667
100314,2,0.00109375
100315,2,0.0029166666666666664
100316,2,0.04510416666666667
100317,2,0.010833333333333334
100318,2,0.019609375
100319,2,0.013411458333333333
100320,2,0.006067708333333333
100321,2,0.0009114583333333333
100322,2,0.012526041666666666
100323,2,0.0019270833333333332
100324,2,0.0021354166666666665
100325,2,0.018645833333333334
100326,2,0.02028645833333333
100327,2,0.025807291666666666
100328,2,0.000625
100329,2,0.026640624999999998
100330,2,0.031510416666666666
100331,2,0.00984375
100332,2,0.0
100333,2,0.025963541666666666
100334,2,0.02630208333333333
100335,2,0.02200520833333333
100336,2,0.02888020833333333
100337,2,0.030286458333333335
100338,2,0.029661458333333335
100339,2,0.046510416666666665
100340,2,0.05518229166666667
100341,2,0.04026041666666666
100342,2,0.0
100343,2,0.026197916666666668
100344,2,0.029791666666666668
100345,2,0.05861979166666667
100346,2,0.008645833333333332
100347,2,0.021354166666666664
100348,2,0.013072916666666665
100349,2,0.008046875
100350,2,0.012265624999999999
100351,2,0.004244791666666667
100352,2,0.03442708333333333
100353,2,0.04236979166666666
100354,2,0.0
100355,2,0.0
100356,2,0.011510416666666667
100357,2,0.049999999999999996
100358,2,0.0
100359,2,0.0066927083333333335
100360,2,0.0
100361,2,0.024947916666666667
100362,2,0.0821875
100363,2,0.011770833333333333
100364,2,0.014088541666666668
100365,2,0.012734375
100366,2,0.0
100367,2,0.0022395833333333334
100368,2,0.0016145833333333333
100369,2,0.0016145833333333333
100370,2,0.003333333333333333
100371,2,0.0026822916666666666
100372,2,0.0008854166666666667
100373,2,0.0021093749999999997
100374,2,0.005052083333333333
100375,2,0.005989583333333333
100376,2,0.0009114583333333333
100377,2,0.006354166666666666
100378,2,0.0013541666666666667
100379,2,0.004557291666666667
100380,2,0.0009895833333333332
100381,2,0.0016666666666666666
100382,2,0.00041666666666666664
100383,2,0.00023437500000000002
100384,2,0.00041666666666666664
100385,2,0.0
100386,2,0.0017708333333333335
100387,2,0.006171874999999999
100388,2,0.0
100389,2,0.0036197916666666666
100390,2,0.001328125
100391,2,0.0018229166666666667
100392,2,0.00041666666666666664
100393,2,0.0
100394,2,0.001640625
100395,2,0.0011197916666666667
100396,2,0.00013020833333333333
100397,2,0.0004947916666666666
100398,2,0.00023437500000000002
100399,2,0.00020833333333333332
100400,2,0.0023697916666666667
100401,2,0.0011979166666666666
100402,2,0.000625
100403,2,0.0016927083333333334
100404,2,0.0007552083333333333
100405,2,0.000546875
100406,2,0.0017708333333333335
100407,2,0.004140624999999999
100408,2,0.0009895833333333332
100409,2,0.0026822916666666666
100410,2,0.0037760416666666663
100411,2,0.002421875
100412,2,0.007604166666666666
100413,2,0.0003385416666666667
100414,2,0.007317708333333333
100415,2,0.0
100416,2,0.00013020833333333333
100417,2,0.00020833333333333332
100418,2,0.0019791666666666664
100419,2,0.0006510416666666666
100420,2,0.007447916666666667
100421,2,0.023932291666666668
100422,2,0.009869791666666666
100423,2,0.015364583333333333
100424,2,0.023567708333333333
100425,2,0.015442708333333333
100426,2,0.02140625
100427,2,0.009166666666666665
100428,2,0.024244791666666668
100429,2,0.025963541666666666
100430,2,0.033437499999999995
100431,2,0.033567708333333335
100432,2,0.03184895833333333
100433,2,0.09432291666666666
100434,2,0.02609375
100435,2,0.014374999999999999
100436,2,0.014218749999999999
100437,2,0.02140625
100438,2,0.03658854166666667
100439,2,0.029921875
100440,2,0.18260416666666665
100441,2,0.1309375
100442,2,0.11247395833333333
100443,2,0.09591145833333332
100444,2,0.041380208333333335
100445,2,0.024088541666666668
100446,2,0.024635416666666667
100447,2,0.04236979166666666
100448,2,0.050104166666666665
100449,2,0.04041666666666666
100450,2,0.02559895833333333
100451,2,0.016015625
100452,2,0.017421875
100453,2,0.03513020833333333
100454,2,0.04174479166666666
100455,2,0.0378125
100456,2,0.029010416666666667
100457,2,0.09276041666666666
100458,2,0.020651041666666665
100459,2,0.029557291666666666
100460,2,0.02184895833333333
100461,2,0.0371875
100462,2,0.007708333333333333
100463,2,0.010156249999999999
100464,2,0.019296875
100465,2,0.026614583333333334
100466,2,0.026432291666666666
100467,2,0.0378125
100468,2,0.027526041666666664
100469,2,0.0002864583333333333
100470,2,0.0171875
100471,2,0.016953125
100472,2,0.014609374999999999
100473,2,0.011510416666666667
100474,2,0.020833333333333332
100475,2,0.02184895833333333
100476,2,0.013151041666666665
100477,2,0.036432291666666665
100478,2,0.03109375
100479,2,0.025546875
100480,2,0.014791666666666667
100481,2,0.027760416666666666
100482,2,0.03453125
100483,2,0.03205729166666667
100484,2,0.03515625
100485,2,0.028463541666666665
100486,2,0.029479166666666667
100487,2,0.03486979166666667
100488,2,0.037109375
100489,2,0.019973958333333333
100490,2,0.029088541666666665
100491,2,0.08124999999999999
100492,2,0.028854166666666667
100493,2,0.04174479166666666
100494,2,0.016927083333333332
100495,2,0.01817708333333333
100496,2,0.030494791666666663
100497,2,0.027838541666666668
100498,2,0.033776041666666666
100499,2,0.06364583333333333
100500,2,0.038359375
100501,2,0.03143229166666667
100502,2,0.011927083333333333
100503,2,0.007057291666666666
100504,2,0.19156249999999997
100505,2,0.08328125
100506,2,0.049687499999999996
100507,2,0.04091145833333333
100508,2,0.21893229166666664
100509,2,0.06677083333333333
100510,2,0.030625
100511,2,0.0
100512,2,0.012682291666666666
100513,2,0.0031510416666666666
100514,2,0.009635416666666667
100515,2,0.018203125
100516,2,0.020442708333333334
100517,2,0.040677083333333336
100518,2,0.033151041666666665
100519,2,0.05963541666666667
100520,2,0.0008854166666666667
100521,2,0.03294270833333333
100522,2,0.013984375
100523,2,0.0021093749999999997
100524,2,0.00046875000000000004
100525,2,0.00296875
100526,2,0.004166666666666667
100527,2,0.0030468749999999997
100528,2,0.009192708333333334
100529,2,0.176328125
100530,2,0.018151041666666666
100531,2,0.021614583333333333
100532,2,0.024140625
100533,2,0.009973958333333333
100534,2,0.0
100535,2,0.0
100536,2,0.0
100537,2,0.005
100538,2,0.0
100539,2,0.00328125
100540,2,0.0
100541,2,0.003984375
100542,2,0.0
100543,2,0.0
100544,2,0.005
100545,2,0.0
100546,2,0.009088541666666665
100547,2,0.08192708333333333
100548,2,0.0
100549,2,0.0013020833333333333
100550,2,0.017005208333333334
100551,2,0.028958333333333332
100552,2,0.029947916666666668
100553,2,0.04341145833333333
100554,2,0.020703125
100555,2,0.028229166666666663
100556,2,0.019296875
100557,2,0.01630208333333333
100558,2,0.020338541666666668
100559,2,0.019817708333333333
100560,2,0.01375
100561,2,0.021979166666666668
100562,2,0.05138020833333333
100563,2,0.033463541666666666
100564,2,0.028749999999999998
100565,2,0.037890625
100566,2,0.032135416666666666
100567,2,0.0
100568,2,0.041276041666666666
100569,2,0.005104166666666667
100570,2,0.020807291666666665
100571,2,0.022578124999999998
100572,2,0.019505208333333333
100573,2,0.0190625
100574,2,0.024218749999999997
100575,2,0.021432291666666665
100576,2,0.0
100577,2,0.0059635416666666665
100578,2,0.0
100579,2,0.02234375
100580,2,0.016458333333333335
100581,2,0.01973958333333333
100582,2,0.021197916666666664
100583,2,0.019869791666666668
100584,2,0.00125
100585,2,0.002890625
100586,2,0.002317708333333333
100587,2,0.03911458333333333
100588,2,0.004322916666666666
100589,2,0.022734374999999998
100590,2,0.0
100591,2,0.00046875000000000004
100592,2,0.0005729166666666666
100593,2,0.020260416666666666
100594,2,0.13377604166666665
100595,2,0.0
100596,2,0.02578125
100597,2,0.0
100598,2,0.04286458333333333
100599,2,0.08854166666666667
100600,2,0.044869791666666665
100601,2,0.06484375
100602,2,0.027838541666666668
100603,2,0.03005208333333333
100604,2,0.026953124999999998
100605,2,0.02265625
100606,2,0.02184895833333333
100607,2,0.024895833333333332
100608,2,0.013828125
100609,2,0.012786458333333332
100610,2,0.03322916666666667
100611,2,0.005052083333333333
100612,2,0.018645833333333334
100613,2,0.024218749999999997
100614,2,0.016614583333333335
100615,2,0.017317708333333334
100616,2,0.019192708333333332
100617,2,0.013880208333333333
100618,2,0.02109375
100619,2,0.015572916666666665
100620,2,0.011041666666666665
100621,2,0.017578125
100622,2,0.00859375
100623,2,0.02200520833333333
100624,2,0.01078125
100625,2,0.012994791666666665
100626,2,0.0003385416666666667
100627,2,0.0057552083333333335
100628,2,0.019609375
100629,2,0.008333333333333333
100630,2,0.004296875
100631,2,0.022994791666666667
100632,2,0.008098958333333333
100633,2,0.0071874999999999994
100634,2,0.006119791666666667
100635,2,0.008489583333333333
100636,2,0.016354166666666666
100637,2,0.012552083333333332
100638,2,0.0190625
100639,2,0.008098958333333333
100640,2,0.011171875
100641,2,0.011666666666666665
100642,2,0.007838541666666666
100643,2,0.012369791666666666
100644,2,0.010546875
100645,2,0.021614583333333333
100646,2,0.00953125
100647,2,0.012083333333333333
100648,2,0.006302083333333333
100649,2,0.014062499999999999
100650,2,0.009713541666666665
100651,2,0.012421874999999999
100652,2,0.01359375
100653,2,0.017109375
100654,2,0.02395833333333333
100655,2,0.011588541666666667
100656,2,0.02609375
100657,2,0.010729166666666666
100658,2,0.015078125000000001
100659,2,0.014322916666666666
100660,2,0.009348958333333332
100661,2,0.009244791666666667
100662,2,0.019322916666666665
100663,2,0.011666666666666665
100664,2,0.013411458333333333
100665,2,0.01203125
100666,2,0.0
100667,2,0.04575520833333333
100668,2,0.0
100669,2,0.006614583333333333
100670,2,0.003567708333333333
100671,2,0.006093749999999999
100672,2,0.006875
100673,2,0.03825520833333333
100674,2,0.011067708333333334
100675,2,0.008333333333333333
100676,2,0.011015625
100677,2,0.010234374999999999
100678,2,0.014192708333333331
100679,2,0.014401041666666666
100680,2,0.0049479166666666664
100681,2,0.016718749999999998
100682,2,0.0
100683,2,0.020338541666666668
100684,2,0.014479166666666666
100685,2,0.025833333333333333
100686,2,0.013098958333333334
100687,2,0.010598958333333332
100688,2,0.01796875
100689,2,0.013177083333333332
100690,2,0.011770833333333333
100691,2,0.024583333333333332
100692,2,0.027291666666666665
100693,2,0.01953125
100694,2,0.030807291666666667
100695,2,0.020859375
100696,2,0.009427083333333332
100697,2,0.008072916666666666
100698,2,0.005
100699,2,0.024791666666666667
100700,2,0.025859375
100701,2,0.00026041666666666666
100702,2,0.012473958333333333
100703,2,0.011302083333333332
100704,2,0.018776041666666667
100705,2,0.016380208333333333
100706,2,0.03591145833333333
100707,2,0.020572916666666666
100708,2,0.018151041666666666
100709,2,0.023541666666666666
100710,2,0.009427083333333332
100711,2,0.011458333333333333
100712,2,0.026979166666666665
100713,2,0.019010416666666665
100714,2,0.007890625
100715,2,0.006458333333333333
100716,2,0.00984375
100717,2,0.004348958333333333
100718,2,0.012265624999999999
100719,2,0.005182291666666667
100720,2,0.021979166666666668
100721,2,0.022916666666666665
100722,2,0.016380208333333333
100723,2,0.018411458333333335
100724,2,0.011432291666666667
100725,2,0.0027864583333333335
100726,2,0.008281249999999999
100727,2,0.0037760416666666663
100728,2,0.00023437500000000002
100729,2,0.013697916666666666
100730,2,0.0
100731,2,0.0015364583333333333
100732,2,0.017552083333333333
100733,2,0.01265625
100734,2,0.034817708333333336
100735,2,0.024322916666666666
100736,2,0.06859375
100737,2,0.039010416666666665
100738,2,0.023984375
100739,2,0.014062499999999999
100740,2,0.01630208333333333
100741,2,0.013697916666666666
100742,2,0.019375
100743,2,0.012239583333333333
100744,2,0.0
100745,2,0.00015625
100746,2,0.0
100747,2,0.006484375
100748,2,0.0034375
100749,2,0.003177083333333333
100750,2,0.013828125
100751,2,0.016796875
100752,2,0.014218749999999999
100753,2,0.023932291666666668
100754,2,0.030234374999999997
100755,2,0.014244791666666666
100756,2,0.0090625
100757,2,0.0215625
100758,2,0.017916666666666668
100759,2,0.012942708333333334
100760,2,0.016119791666666668
100761,2,0.028906249999999998
100762,2,0.014192708333333331
100763,2,0.01817708333333333
100764,2,0.014531249999999999
100765,2,0.019635416666666666
100766,2,0.019348958333333333
100767,2,0.213515625
100768,2,0.03005208333333333
100769,2,0.028749999999999998
100770,2,0.0
100771,2,0.030312500000000003
100772,2,0.026223958333333332
100773,2,0.023567708333333333
100774,2,0.027838541666666668
100775,2,0.031588541666666664
100776,2,0.01630208333333333
100777,2,0.02640625
100778,2,0.00018229166666666665
100779,2,0.019375
100780,2,0.004270833333333333
100781,2,0.016614583333333335
100782,2,0.06604166666666667
100783,2,0.06164062499999999
100784,2,0.0009375000000000001
100785,2,0.0
100786,2,0.009661458333333333
100787,2,0.030442708333333332
100788,2,0.025807291666666666
100789,2,0.01546875
100790,2,0.01778645833333333
100791,2,0.018723958333333332
100792,2,0.03473958333333333
100793,2,0.017760416666666667
100794,2,0.023828125
100795,2,0.027630208333333333
100796,2,0.02200520833333333
100797,2,0.008645833333333332
100798,2,0.007682291666666666
100799,2,0.10231770833333333
100800,2,0.17031249999999998
100801,2,0.024218749999999997
100802,2,0.004218749999999999
100803,2,0.0
100804,2,0.02591145833333333
100805,2,0.04411458333333333
100806,2,0.035833333333333335
100807,2,0.0
100808,2,0.016119791666666668
100809,2,0.010234374999999999
100810,2,0.005651041666666666
100811,2,0.0005989583333333333
100812,2,0.00390625
100813,2,0.01598958333333333
100814,2,0.07333333333333332
100815,2,0.062265625000000005
100816,2,0.0
100817,2,0.0005989583333333333
100818,2,0.022708333333333334
100819,2,0.10893229166666667
100820,2,0.0
100821,2,0.0
100822,2,0.032135416666666666
100823,2,0.03658854166666667
100824,2,0.025729166666666668
100825,2,0.0640625
100826,2,0.06442708333333333
100827,2,0.02390625
100828,2,0.06221354166666667
100829,2,0.027291666666666665
100830,2,0.0
100831,2,0.018723958333333332
100832,2,0.0215625
100833,2,0.013385416666666667
100834,2,0.001484375
100835,2,0.010989583333333334
100836,2,0.022291666666666668
100837,2,0.00875
100838,2,0.00859375
100839,2,0.012369791666666666
100840,2,0.0
100841,2,0.029609375
100842,2,0.024713541666666665
100843,2,0.031796874999999995
100844,2,0.0
100845,2,0.0
100846,2,0.023463541666666664
100847,2,0.026901041666666667
100848,2,0.031015624999999998
100849,2,0.006015625
100850,2,0.028671875
100851,2,0.014869791666666667
100852,2,0.022057291666666666
100853,2,0.017265625
100854,2,0.016406249999999997
100855,2,0.0050260416666666665
100856,2,0.07580729166666667
100857,2,0.08249999999999999
100858,2,0.020781249999999998
100859,2,0.00453125
100860,2,0.0
100861,2,0.024374999999999997
100862,2,0.01567708333333333
100863,2,0.007291666666666667
100864,2,0.020677083333333332
100865,2,0.022760416666666665
100866,2,0.01578125
100867,2,0.09554687499999999
100868,2,0.009791666666666666
100869,2,0.028229166666666663
100870,2,0.00734375
100871,2,0.027109375
100872,2,0.005156249999999999
100873,2,0.005729166666666666
100874,2,0.03953125
100875,2,0.012760416666666666
100876,2,0.018932291666666667
100877,2,0.008984375
100878,2,0.016328125
100879,2,0.11505208333333333
100880,2,0.026614583333333334
100881,2,0.011692708333333333
100882,2,0.0
100883,2,0.026848958333333332
100884,2,0.004114583333333334
100885,2,0.08455729166666666
100886,2,0.04778645833333333
100887,2,0.0
100888,2,0.006614583333333333
100889,2,0.028385416666666663
100890,2,0.014374999999999999
100891,2,0.00484375
100892,2,0.02640625
100893,2,0.004140624999999999
100894,2,0.005078124999999999
100895,2,0.008020833333333333
100896,2,0.004296875
100897,2,0.0020833333333333333
100898,2,0.0040885416666666665
100899,2,0.0008333333333333333
100900,2,0.02359375
100901,2,0.006432291666666667
100902,2,0.0040885416666666665
100903,2,0.006302083333333333
100904,2,0.0
100905,2,0.05114583333333333
100906,2,0.018489583333333334
100907,2,0.03330729166666666
100908,2,0.01989583333333333
100909,2,0.009973958333333333
100910,2,0.0032552083333333335
100911,2,0.0017708333333333335
100912,2,0.005130208333333334
100913,2,0.0225
100914,2,0.011302083333333332
100915,2,0.015390625
100916,2,0.020833333333333332
100917,2,0.015520833333333333
100918,2,0.029557291666666666
100919,2,0.018072916666666668
100920,2,0.012890625
100921,2,0.012916666666666667
100922,2,0.062161458333333336
100923,2,0.0
100924,2,0.0
100925,2,0.018072916666666668
100926,2,0.009973958333333333
100927,2,0.020572916666666666
100928,2,0.023619791666666664
100929,2,0.014088541666666668
100930,2,0.017916666666666668
100931,2,0.0
100932,2,0.017317708333333334
100001,3,0.0025124999999999995
100002,3,0.0012124999999999998
100003,3,0.0015125
100004,3,0.0
100005,3,0.014462499999999998
100006,3,0.007225
100007,3,0.009875
100008,3,0.020812499999999998
100009,3,0.013425
100010,3,0.0174125
100011,3,0.004712499999999999
100012,3,0.016175
100013,3,0.0108875
100014,3,0.0109
100015,3,0.0054125
100016,3,0.0035624999999999993
100017,3,0.0038624999999999996
100018,3,0.00825
100019,3,0.0038749999999999995
100020,3,0.0035499999999999998
100021,3,0.0076875
100022,3,0.011
100023,3,0.0168375
100024,3,0.005512499999999999
100025,3,0.007
100026,3,0.0037124999999999997
100027,3,0.0035124999999999996
100028,3,0.0097625
100029,3,0.0008625
100030,3,0.002025
100031,3,0.00013749999999999998
100032,3,0.007275
100033,3,0.0007874999999999999
100034,3,0.0057374999999999995
100035,3,0.0007125
100036,3,0.012599999999999998
100037,3,0.0010374999999999998
100038,3,0.0031
100039,3,0.0009499999999999999
100040,3,0.0066124999999999995
100041,3,0.0044875
100042,3,0.0031374999999999997
100043,3,0.0029624999999999994
100044,3,0.0025499999999999997
100045,3,0.0029124999999999997
100046,3,0.002875
100047,3,0.003837499999999999
100048,3,0.0058625
100049,3,0.0038875
100050,3,0.00295
100051,3,0.0091
100052,3,0.00715
100053,3,0.008674999999999999
100054,3,0.0031625
100055,3,0.0042
100056,3,0.0064375
100057,3,0.003987500000000001
100058,3,0.0082375
100059,3,0.0018499999999999999
100060,3,0.0061625
100061,3,0.0029
100062,3,0.006512499999999999
100063,3,0.0045625
100064,3,0.0026625
100065,3,0.000725
100066,3,0.0012
100067,3,0.0012374999999999999
100068,3,0.0008625
100069,3,0.00155
100070,3,0.0027124999999999996
100071,3,0.0041625
100072,3,0.0021125
100073,3,0.0016124999999999998
100074,3,0.0026374999999999997
100075,3,0.0010999999999999998
100076,3,0.008975
100077,3,0.002675
100078,3,0.002775
100079,3,0.0026625
100080,3,0.0015125
100081,3,0.002525
100082,3,0.0031
100083,3,0.0119875
100084,3,0.013649999999999999
100085,3,0.0159375
100086,3,0.0118
100087,3,0.011199999999999998
100088,3,0.0093875
100089,3,0.0050999999999999995
100090,3,0.00545
100091,3,0.0023874999999999994
100092,3,0.007424999999999999
100093,3,0.009474999999999999
100094,3,0.011187499999999998
100095,3,0.004337499999999999
100096,3,0.004387499999999999
100097,3,0.004025
100098,3,0.0033124999999999995
100099,3,0.0031875
100100,3,0.0023499999999999997
100101,3,0.0021624999999999995
100102,3,0.0033499999999999997
100103,3,0.0037749999999999997
100104,3,0.0026999999999999997
100105,3,0.0032249999999999996
100106,3,0.0024749999999999998
100107,3,0.0006875
100108,3,0.0070875
100109,3,0.0009249999999999999
100110,3,0.00145
100111,3,0.0033499999999999997
100112,3,0.0030375000000000003
100113,3,0.0013875
100114,3,0.0014999999999999998
100115,3,0.002125
100116,3,0.008374999999999999
100117,3,0.0012874999999999998
100118,3,0.0014624999999999998
100119,3,0.00025
100120,3,0.0026499999999999996
100121,3,0.0018375
100122,3,0.0025749999999999996
100123,3,0.004375
100124,3,0.0025875
100125,3,0.0031625
100126,3,0.0034874999999999997
100127,3,0.0015875
100128,3,0.0019625
100129,3,0.0031125
100130,3,0.007012499999999999
100131,3,0.008787499999999998
100132,3,0.016812499999999998
100133,3,0.00195
100134,3,0.0070999999999999995
100135,3,0.013587499999999999
100136,3,0.014637499999999998
100137,3,0.0283
100138,3,0.0104
100139,3,0.0101
100140,3,0.014075
100141,3,0.0165125
100142,3,0.013987499999999998
100143,3,0.0232625
100144,3,0.009112499999999999
100145,3,0.0023374999999999997
100146,3,0.0027124999999999996
100147,3,0.003675
100148,3,0.0017375
100149,3,0.0033374999999999998
100150,3,0.0019374999999999998
100151,3,0.018587499999999996
100152,3,0.0
100153,3,0.014249999999999997
100154,3,0.024575
100155,3,0.020524999999999998
100156,3,0.019712499999999997
100157,3,0.016849999999999997
100158,3,0.020437499999999997
100159,3,0.02515
100160,3,0.022049999999999997
100161,3,0.0250625
100162,3,0.0235
100163,3,0.0224125
100164,3,0.0186625
100165,3,0.0294125
100166,3,0.005787499999999999
100167,3,0.0145375
100168,3,0.00034999999999999994
100169,3,0.015024999999999998
100170,3,0.0195375
100171,3,0.019362499999999998
100172,3,0.0127375
100173,3,0.00039999999999999996
100174,3,0.007824999999999999
100175,3,0.011299999999999998
100176,3,0.007637499999999999
100177,3,0.0072375
100178,3,0.0143625
100179,3,0.016024999999999998
100180,3,0.010537499999999998
100181,3,0.013349999999999999
100182,3,0.012799999999999999
100183,3,0.0108875
100184,3,0.017312499999999998
100185,3,0.0006875
100186,3,0.013337499999999999
100187,3,0.0084
100188,3,0.0026499999999999996
100189,3,0.0010249999999999999
100190,3,0.021062499999999998
100191,3,0.0058125
100192,3,0.004925
100193,3,0.009575
100194,3,0.005774999999999999
100195,3,0.0113625
100196,3,0.0
100197,3,0.004849999999999999
100198,3,0.005537499999999999
100199,3,0.0
100200,3,0.01945
100201,3,0.004625
100202,3,0.011412499999999999
100203,3,0.005712499999999999
100204,3,0.0049375
100205,3,0.0090125
100206,3,0.0233125
100207,3,0.012474999999999998
100208,3,0.0165125
100209,3,0.0074625
100210,3,0.0
100211,3,0.00835
100212,3,0.023637499999999995
100213,3,0.0153
100214,3,0.011199999999999998
100215,3,0.0087375
100216,3,0.013062499999999998
100217,3,0.0
100218,3,0.0028249999999999994
100219,3,0.0
100220,3,0.0175125
100221,3,0.014562499999999997
100222,3,0.010487499999999999
100223,3,0.0068
100224,3,0.0026999999999999997
100225,3,0.03333749999999999
100226,3,0.028974999999999997
100227,3,0.021987499999999997
100228,3,0.008799999999999999
100229,3,0.014925
100230,3,0.0180125
100231,3,0.0117625
100232,3,0.018699999999999998
100233,3,0.009662499999999997
100234,3,0.0
100235,3,0.0
100236,3,0.0034625
100237,3,0.0385875
100238,3,0.0262375
100239,3,0.031162499999999996
100240,3,0.006225
100241,3,0.0194375
100242,3,0.019775
100243,3,0.0198875
100244,3,0.016287499999999996
100245,3,0.0052375
100246,3,0.009649999999999999
100247,3,0.0
100248,3,4.9999999999999996e-05
100249,3,0.0025875
100250,3,0.0059875
100251,3,0.017224999999999997
100252,3,0.012262499999999999
100253,3,0.0042875
100254,3,0.0
100255,3,0.0
100256,3,0.0007624999999999998
100257,3,0.008774999999999998
100258,3,0.0126625
100259,3,0.01845
100260,3,0.0098
100261,3,0.012262499999999999
100262,3,0.0009625
100263,3,0.009712499999999999
100264,3,0.0073375
100265,3,0.0145875
100266,3,0.0063875
100267,3,0.00034999999999999994
100268,3,4.9999999999999996e-05
100269,3,0.0028625
100270,3,0.0
100271,3,0.004149999999999999
100272,3,0.0
100273,3,0.0
100274,3,0.0
100275,3,0.0
100276,3,0.0
100277,3,0.0
100278,3,0.0
100279,3,0.0
100280,3,0.0
100281,3,0.0
100282,3,0.00085
100283,3,6.25e-05
100284,3,0.016049999999999995
100285,3,0.017475
100286,3,0.0162625
100287,3,0.010949999999999998
100288,3,0.008312499999999999
100289,3,0.0130125
100290,3,0.0143
100291,3,0.024949999999999996
100292,3,0.0027124999999999996
100293,3,0.0030375000000000003
100294,3,0.01015
100295,3,0.013549999999999998
100296,3,0.009975
100297,3,0.013074999999999998
100298,3,0.010875
100299,3,0.014112499999999997
100300,3,0.00845
100301,3,0.0186125
100302,3,0.013824999999999999
100303,3,0.007287499999999999
100304,3,0.006149999999999999
100305,3,0.0040875
100306,3,0.008437499999999999
100307,3,0.012437499999999997
100308,3,0.0032624999999999998
100309,3,0.0101125
100310,3,0.004387499999999999
100311,3,0.0025499999999999997
100312,3,0.0007125
100313,3,0.0031249999999999997
100314,3,0.000525
100315,3,0.0013999999999999998
100316,3,0.02165
100317,3,0.0052
100318,3,0.009412499999999999
100319,3,0.0064375
100320,3,0.0029124999999999997
100321,3,0.0004375
100322,3,0.0060125
100323,3,0.0009249999999999999
100324,3,0.0010249999999999999
100325,3,0.00895
100326,3,0.0097375
100327,3,0.012387500000000001
100328,3,0.0003
100329,3,0.012787499999999999
100330,3,0.015125
100331,3,0.004725
100332,3,0.0
100333,3,0.0124625
100334,3,0.012624999999999999
100335,3,0.010562499999999999
100336,3,0.013862499999999998
100337,3,0.0145375
100338,3,0.014237500000000002
100339,3,0.022324999999999998
100340,3,0.0264875
100341,3,0.019324999999999995
100342,3,0.0
100343,3,0.012575
100344,3,0.0143
100345,3,0.0281375
100346,3,0.004149999999999999
100347,3,0.010249999999999999
100348,3,0.006274999999999999
100349,3,0.0038624999999999996
100350,3,0.0058874999999999995
100351,3,0.0020375
100352,3,0.016524999999999998
100353,3,0.020337499999999994
100354,3,0.0
100355,3,0.0
100356,3,0.0055249999999999995
100357,3,0.023999999999999997
100358,3,0.0
100359,3,0.0032124999999999996
100360,3,0.0
100361,3,0.011975
100362,3,0.03945
100363,3,0.005649999999999999
100364,3,0.0067625
100365,3,0.0061125
100366,3,0.0
100367,3,0.001075
100368,3,0.000775
100369,3,0.000775
100370,3,0.0015999999999999999
100371,3,0.0012874999999999998
100372,3,0.000425
100373,3,0.0010125
100374,3,0.0024249999999999996
100375,3,0.002875
100376,3,0.0004375
100377,3,0.0030499999999999993
100378,3,0.00065
100379,3,0.0021875
100380,3,0.00047499999999999994
100381,3,0.0007999999999999999
100382,3,0.00019999999999999998
100383,3,0.0001125
100384,3,0.00019999999999999998
100385,3,0.0
100386,3,0.00085
100387,3,0.0029624999999999994
100388,3,0.0
100389,3,0.0017375
100390,3,0.0006374999999999999
100391,3,0.000875
100392,3,0.00019999999999999998
100393,3,0.0
100394,3,0.0007874999999999999
100395,3,0.0005375
100396,3,6.25e-05
100397,3,0.00023749999999999997
100398,3,0.0001125
100399,3,9.999999999999999e-05
100400,3,0.0011375
100401,3,0.0005749999999999999
100402,3,0.0003
100403,3,0.0008125
100404,3,0.0003625
100405,3,0.0002625
100406,3,0.00085
100407,3,0.0019874999999999997
100408,3,0.00047499999999999994
100409,3,0.0012874999999999998
100410,3,0.0018124999999999997
100411,3,0.0011625
100412,3,0.0036499999999999996
100413,3,0.0001625
100414,3,0.0035124999999999996
100415,3,0.0
100416,3,6.25e-05
100417,3,9.999999999999999e-05
100418,3,0.0009499999999999999
100419,3,0.0003125
100420,3,0.003575
100421,3,0.0114875
100422,3,0.0047374999999999995
100423,3,0.007374999999999999
100424,3,0.011312499999999998
100425,3,0.007412499999999999
100426,3,0.010275
100427,3,0.004399999999999999
100428,3,0.0116375
100429,3,0.0124625
100430,3,0.016049999999999995
100431,3,0.0161125
100432,3,0.015287499999999997
100433,3,0.045274999999999996
100434,3,0.012525
100435,3,0.0069
100436,3,0.0068249999999999995
100437,3,0.010275
100438,3,0.017562499999999998
100439,3,0.0143625
100440,3,0.08764999999999999
100441,3,0.06285
100442,3,0.053987499999999994
100443,3,0.046037499999999995
100444,3,0.019862499999999998
100445,3,0.0115625
100446,3,0.011824999999999999
100447,3,0.020337499999999994
100448,3,0.02405
100449,3,0.019399999999999997
100450,3,0.0122875
100451,3,0.0076875
100452,3,0.0083625
100453,3,0.0168625
100454,3,0.0200375
100455,3,0.018149999999999996
100456,3,0.013925
100457,3,0.044525
100458,3,0.0099125
100459,3,0.014187499999999999
100460,3,0.010487499999999999
100461,3,0.017849999999999998
100462,3,0.0036999999999999997
100463,3,0.004875
100464,3,0.0092625
100465,3,0.012775
100466,3,0.012687499999999999
100467,3,0.018149999999999996
100468,3,0.013212499999999999
100469,3,0.00013749999999999998
100470,3,0.00825
100471,3,0.008137499999999999
100472,3,0.007012499999999999
100473,3,0.0055249999999999995
100474,3,0.01
100475,3,0.010487499999999999
100476,3,0.0063124999999999995
100477,3,0.0174875
100478,3,0.014925
100479,3,0.012262499999999999
100480,3,0.0070999999999999995
100481,3,0.013325
100482,3,0.016575
100483,3,0.015387499999999998
100484,3,0.016874999999999998
100485,3,0.0136625
100486,3,0.01415
100487,3,0.016737500000000002
100488,3,0.0178125
100489,3,0.009587499999999999
100490,3,0.013962499999999997
100491,3,0.039
100492,3,0.01385
100493,3,0.0200375
100494,3,0.008125
100495,3,0.008724999999999998
100496,3,0.014637499999999998
100497,3,0.0133625
100498,3,0.016212499999999998
100499,3,0.030549999999999997
100500,3,0.0184125
100501,3,0.0150875
100502,3,0.005725
100503,3,0.0033874999999999995
100504,3,0.09194999999999999
100505,3,0.039975
100506,3,0.023849999999999996
100507,3,0.019637499999999995
100508,3,0.10508749999999999
100509,3,0.032049999999999995
100510,3,0.0147
100511,3,0.0
100512,3,0.006087499999999999
100513,3,0.0015125
100514,3,0.004625
100515,3,0.0087375
100516,3,0.0098125
100517,3,0.019525
100518,3,0.0159125
100519,3,0.028624999999999998
100520,3,0.000425
100521,3,0.015812499999999997
100522,3,0.0067125
100523,3,0.0010125
100524,3,0.000225
100525,3,0.001425
100526,3,0.002
100527,3,0.0014624999999999998
100528,3,0.0044125
100529,3,0.08463749999999999
100530,3,0.0087125
100531,3,0.010374999999999999
100532,3,0.011587499999999999
100533,3,0.0047875
100534,3,0.0
100535,3,0.0
100536,3,0.0
100537,3,0.0024
100538,3,0.0
100539,3,0.0015749999999999998
100540,3,0.0
100541,3,0.0019125
100542,3,0.0
100543,3,0.0
100544,3,0.0024
100545,3,0.0
100546,3,0.004362499999999999
100547,3,0.039325
100548,3,0.0
100549,3,0.000625
100550,3,0.0081625
100551,3,0.0139
100552,3,0.014374999999999999
100553,3,0.0208375
100554,3,0.009937499999999998
100555,3,0.013549999999999998
100556,3,0.0092625
100557,3,0.007824999999999999
100558,3,0.0097625
100559,3,0.0095125
100560,3,0.006599999999999999
100561,3,0.010549999999999999
100562,3,0.024662499999999997
100563,3,0.016062499999999997
100564,3,0.0138
100565,3,0.0181875
100566,3,0.015424999999999998
100567,3,0.0
100568,3,0.019812499999999997
100569,3,0.00245
100570,3,0.0099875
100571,3,0.010837499999999998
100572,3,0.0093625
100573,3,0.00915
100574,3,0.011625
100575,3,0.010287499999999998
100576,3,0.0
100577,3,0.0028625
100578,3,0.0
100579,3,0.010724999999999998
100580,3,0.007899999999999999
100581,3,0.009474999999999999
100582,3,0.010174999999999998
100583,3,0.009537499999999999
100584,3,0.0006
100585,3,0.0013875
100586,3,0.0011124999999999998
100587,3,0.018775
100588,3,0.0020749999999999996
100589,3,0.010912499999999999
100590,3,0.0
100591,3,0.000225
100592,3,0.00027499999999999996
100593,3,0.009725
100594,3,0.06421249999999999
100595,3,0.0
100596,3,0.012374999999999999
100597,3,0.0
100598,3,0.020574999999999996
100599,3,0.0425
100600,3,0.0215375
100601,3,0.031125
100602,3,0.0133625
100603,3,0.014425
100604,3,0.012937499999999998
100605,3,0.010875
100606,3,0.010487499999999999
100607,3,0.011949999999999999
100608,3,0.0066375
100609,3,0.0061375
100610,3,0.015950000000000002
100611,3,0.0024249999999999996
100612,3,0.00895
100613,3,0.011625
100614,3,0.007975000000000001
100615,3,0.008312499999999999
100616,3,0.0092125
100617,3,0.0066625
100618,3,0.010125
100619,3,0.007474999999999999
100620,3,0.005299999999999999
100621,3,0.008437499999999999
100622,3,0.004125
100623,3,0.010562499999999999
100624,3,0.005175
100625,3,0.006237499999999999
100626,3,0.0001625
100627,3,0.0027624999999999998
100628,3,0.009412499999999999
100629,3,0.004
100630,3,0.0020625
100631,3,0.011037499999999999
100632,3,0.0038875
100633,3,0.00345
100634,3,0.0029375
100635,3,0.004075
100636,3,0.00785
100637,3,0.006024999999999999
100638,3,0.00915
100639,3,0.0038875
100640,3,0.005362499999999999
100641,3,0.005599999999999999
100642,3,0.0037625
100643,3,0.0059375
100644,3,0.0050625
100645,3,0.010374999999999999
100646,3,0.004575
100647,3,0.0058
100648,3,0.003025
100649,3,0.00675
100650,3,0.0046625
100651,3,0.005962499999999999
100652,3,0.0065249999999999996
100653,3,0.008212500000000001
100654,3,0.0115
100655,3,0.0055625
100656,3,0.012525
100657,3,0.005149999999999999
100658,3,0.0072375
100659,3,0.006875
100660,3,0.0044875
100661,3,0.0044375000000000005
100662,3,0.009274999999999999
100663,3,0.005599999999999999
100664,3,0.0064375
100665,3,0.005774999999999999
100666,3,0.0
100667,3,0.0219625
100668,3,0.0
100669,3,0.003175
100670,3,0.0017124999999999996
100671,3,0.0029249999999999996
100672,3,0.0032999999999999995
100673,3,0.0183625
100674,3,0.0053125
100675,3,0.004
100676,3,0.0052875
100677,3,0.004912499999999999
100678,3,0.006812499999999999
100679,3,0.006912499999999999
100680,3,0.002375
100681,3,0.008024999999999997
100682,3,0.0
100683,3,0.0097625
100684,3,0.00695
100685,3,0.0124
100686,3,0.0062875
100687,3,0.005087499999999999
100688,3,0.008625
100689,3,0.006325
100690,3,0.005649999999999999
100691,3,0.0118
100692,3,0.013099999999999999
100693,3,0.009375
100694,3,0.0147875
100695,3,0.010012499999999999
100696,3,0.0045249999999999995
100697,3,0.0038749999999999995
100698,3,0.0024
100699,3,0.011899999999999999
100700,3,0.0124125
100701,3,0.000125
100702,3,0.0059875
100703,3,0.005424999999999999
100704,3,0.0090125
100705,3,0.007862500000000001
100706,3,0.0172375
100707,3,0.009875
100708,3,0.0087125
100709,3,0.011299999999999998
100710,3,0.0045249999999999995
100711,3,0.0055
100712,3,0.012949999999999998
100713,3,0.009125
100714,3,0.0037875
100715,3,0.0031
100716,3,0.004725
100717,3,0.0020875
100718,3,0.0058874999999999995
100719,3,0.0024874999999999997
100720,3,0.010549999999999999
100721,3,0.011
100722,3,0.007862500000000001
100723,3,0.0088375
100724,3,0.0054875
100725,3,0.0013375
100726,3,0.003974999999999999
100727,3,0.0018124999999999997
100728,3,0.0001125
100729,3,0.006575
100730,3,0.0
100731,3,0.0007375
100732,3,0.008424999999999998
100733,3,0.0060750000000000005
100734,3,0.0167125
100735,3,0.011674999999999998
100736,3,0.032924999999999996
100737,3,0.018725
100738,3,0.0115125
100739,3,0.00675
100740,3,0.007824999999999999
100741,3,0.006575
100742,3,0.0093
100743,3,0.005875
100744,3,0.0
100745,3,7.5e-05
100746,3,0.0
100747,3,0.0031125
100748,3,0.0016499999999999998
100749,3,0.0015249999999999997
100750,3,0.0066375
100751,3,0.008062499999999998
100752,3,0.0068249999999999995
100753,3,0.0114875
100754,3,0.0145125
100755,3,0.0068375
100756,3,0.00435
100757,3,0.01035
100758,3,0.0086
100759,3,0.006212499999999999
100760,3,0.0077375000000000005
100761,3,0.013874999999999998
100762,3,0.006812499999999999
100763,3,0.008724999999999998
100764,3,0.006974999999999999
100765,3,0.009424999999999998
100766,3,0.009287499999999999
100767,3,0.1024875
100768,3,0.014425
100769,3,0.0138
100770,3,0.0
100771,3,0.01455
100772,3,0.012587499999999998
100773,3,0.011312499999999998
100774,3,0.0133625
100775,3,0.015162499999999999
100776,3,0.007824999999999999
100777,3,0.012674999999999999
100778,3,8.749999999999999e-05
100779,3,0.0093
100780,3,0.0020499999999999997
100781,3,0.007975000000000001
100782,3,0.0317
100783,3,0.029587499999999996
100784,3,0.00045
100785,3,0.0
100786,3,0.004637499999999999
100787,3,0.0146125
100788,3,0.012387500000000001
100789,3,0.007424999999999999
100790,3,0.008537499999999998
100791,3,0.0089875
100792,3,0.016675
100793,3,0.008525
100794,3,0.011437499999999998
100795,3,0.013262499999999998
100796,3,0.010562499999999999
100797,3,0.004149999999999999
100798,3,0.0036874999999999994
100799,3,0.049112499999999996
100800,3,0.08174999999999999
100801,3,0.011625
100802,3,0.002025
100803,3,0.0
100804,3,0.012437499999999997
100805,3,0.021175
100806,3,0.0172
100807,3,0.0
100808,3,0.0077375000000000005
100809,3,0.004912499999999999
100810,3,0.0027124999999999996
100811,3,0.00028749999999999994
100812,3,0.0018750000000000001
100813,3,0.007674999999999998
100814,3,0.035199999999999995
100815,3,0.029887499999999997
100816,3,0.0
100817,3,0.00028749999999999994
100818,3,0.0109
100819,3,0.052287499999999994
100820,3,0.0
100821,3,0.0
100822,3,0.015424999999999998
100823,3,0.017562499999999998
100824,3,0.01235
100825,3,0.03075
100826,3,0.030924999999999998
100827,3,0.011474999999999999
100828,3,0.0298625
100829,3,0.013099999999999999
100830,3,0.0
100831,3,0.0089875
100832,3,0.01035
100833,3,0.006424999999999999
100834,3,0.0007125
100835,3,0.005274999999999999
100836,3,0.0107
100837,3,0.0042
100838,3,0.004125
100839,3,0.0059375
100840,3,0.0
100841,3,0.014212499999999998
100842,3,0.0118625
100843,3,0.015262499999999997
100844,3,0.0
100845,3,0.0
100846,3,0.011262499999999998
100847,3,0.0129125
100848,3,0.014887499999999998
100849,3,0.0028874999999999994
100850,3,0.0137625
100851,3,0.007137499999999999
100852,3,0.0105875
100853,3,0.0082875
100854,3,0.007875
100855,3,0.0024124999999999997
100856,3,0.036387499999999996
100857,3,0.039599999999999996
100858,3,0.009975
100859,3,0.002175
100860,3,0.0
100861,3,0.011699999999999999
100862,3,0.007525
100863,3,0.0035
100864,3,0.009925
100865,3,0.010924999999999999
100866,3,0.007575
100867,3,0.0458625
100868,3,0.004699999999999999
100869,3,0.013549999999999998
100870,3,0.0035249999999999995
100871,3,0.0130125
100872,3,0.0024749999999999998
100873,3,0.00275
100874,3,0.018975
100875,3,0.006124999999999999
100876,3,0.0090875
100877,3,0.0043125
100878,3,0.007837499999999999
100879,3,0.055224999999999996
100880,3,0.012775
100881,3,0.0056124999999999994
100882,3,0.0
100883,3,0.0128875
100884,3,0.0019749999999999998
100885,3,0.0405875
100886,3,0.022937499999999996
100887,3,0.0
100888,3,0.003175
100889,3,0.013624999999999998
100890,3,0.0069
100891,3,0.002325
100892,3,0.012674999999999999
100893,3,0.0019874999999999997
100894,3,0.0024375
100895,3,0.00385
100896,3,0.0020625
100897,3,0.001
100898,3,0.0019625
100899,3,0.00039999999999999996
100900,3,0.011325
100901,3,0.0030875
100902,3,0.0019625
100903,3,0.003025
100904,3,0.0
100905,3,0.02455
100906,3,0.008875000000000001
100907,3,0.015987499999999998
100908,3,0.009549999999999998
100909,3,0.0047875
100910,3,0.0015624999999999999
100911,3,0.00085
100912,3,0.0024625
100913,3,0.010799999999999999
100914,3,0.005424999999999999
100915,3,0.007387500000000001
100916,3,0.01
100917,3,0.00745
100918,3,0.014187499999999999
100919,3,0.008674999999999999
100920,3,0.006187499999999999
100921,3,0.0062
100922,3,0.0298375
100923,3,0.0
100924,3,0.0
100925,3,0.008674999999999999
100926,3,0.0047875
100927,3,0.009875
100928,3,0.011337499999999999
100929,3,0.0067625
100930,3,0.0086
100931,3,0.0
100932,3,0.008312499999999999
100001,4,0.0006281249999999999
100002,4,0.00030312499999999995
100003,4,0.000378125
100004,4,0.0
100005,4,0.0036156249999999995
100006,4,0.00180625
100007,4,0.00246875
100008,4,0.005203124999999999
100009,4,0.00335625
100010,4,0.004353125
100011,4,0.0011781249999999997
100012,4,0.00404375
100013,4,0.002721875
100014,4,0.002725
100015,4,0.001353125
100016,4,0.0008906249999999998
100017,4,0.0009656249999999999
100018,4,0.0020625
100019,4,0.0009687499999999999
100020,4,0.0008874999999999999
100021,4,0.001921875
100022,4,0.00275
100023,4,0.004209375
100024,4,0.0013781249999999998
100025,4,0.00175
100026,4,0.0009281249999999999
100027,4,0.0008781249999999999
100028,4,0.002440625
100029,4,0.000215625
100030,4,0.00050625
100031,4,3.4374999999999995e-05
100032,4,0.00181875
100033,4,0.00019687499999999997
100034,4,0.0014343749999999999
100035,4,0.000178125
100036,4,0.0031499999999999996
100037,4,0.00025937499999999995
100038,4,0.000775
100039,4,0.00023749999999999997
100040,4,0.0016531249999999999
100041,4,0.001121875
100042,4,0.0007843749999999999
100043,4,0.0007406249999999999
100044,4,0.0006374999999999999
100045,4,0.0007281249999999999
100046,4,0.00071875
100047,4,0.0009593749999999997
100048,4,0.001465625
100049,4,0.000971875
100050,4,0.0007375
100051,4,0.002275
100052,4,0.0017875
100053,4,0.0021687499999999997
100054,4,0.000790625
100055,4,0.00105
100056,4,0.001609375
100057,4,0.0009968750000000001
100058,4,0.002059375
100059,4,0.00046249999999999997
100060,4,0.001540625
100061,4,0.000725
100062,4,0.0016281249999999998
100063,4,0.001140625
100064,4,0.000665625
100065,4,0.00018125
100066,4,0.0003
100067,4,0.00030937499999999997
100068,4,0.000215625
100069,4,0.0003875
100070,4,0.0006781249999999999
100071,4,0.001040625
100072,4,0.000528125
100073,4,0.00040312499999999995
100074,4,0.0006593749999999999
100075,4,0.00027499999999999996
100076,4,0.00224375
100077,4,0.00066875
100078,4,0.00069375
100079,4,0.000665625
100080,4,0.000378125
100081,4,0.00063125
100082,4,0.000775
100083,4,0.002996875
100084,4,0.0034124999999999997
100085,4,0.003984375
100086,4,0.00295
100087,4,0.0027999999999999995
100088,4,0.002346875
100089,4,0.0012749999999999999
100090,4,0.0013625
100091,4,0.0005968749999999999
100092,4,0.0018562499999999998
100093,4,0.0023687499999999998
100094,4,0.0027968749999999994
100095,4,0.0010843749999999998
100096,4,0.0010968749999999998
100097,4,0.00100625
100098,4,0.0008281249999999999
100099,4,0.000796875
100100,4,0.0005874999999999999
100101,4,0.0005406249999999999
100102,4,0.0008374999999999999
100103,4,0.0009437499999999999
100104,4,0.0006749999999999999
100105,4,0.0008062499999999999
100106,4,0.0006187499999999999
100107,4,0.000171875
100108,4,0.001771875
100109,4,0.00023124999999999998
100110,4,0.0003625
100111,4,0.0008374999999999999
100112,4,0.0007593750000000001
100113,4,0.000346875
100114,4,0.00037499999999999995
100115,4,0.00053125
100116,4,0.0020937499999999997
100117,4,0.00032187499999999995
100118,4,0.00036562499999999996
100119,4,6.25e-05
100120,4,0.0006624999999999999
100121,4,0.000459375
100122,4,0.0006437499999999999
100123,4,0.00109375
100124,4,0.000646875
100125,4,0.000790625
100126,4,0.0008718749999999999
100127,4,0.000396875
100128,4,0.000490625
100129,4,0.000778125
100130,4,0.0017531249999999997
100131,4,0.0021968749999999996
100132,4,0.004203124999999999
100133,4,0.0004875
100134,4,0.0017749999999999999
100135,4,0.0033968749999999997
100136,4,0.0036593749999999994
100137,4,0.007075
100138,4,0.0026
100139,4,0.002525
100140,4,0.00351875
100141,4,0.004128125
100142,4,0.0034968749999999995
100143,4,0.005815625
100144,4,0.0022781249999999998
100145,4,0.0005843749999999999
100146,4,0.0006781249999999999
100147,4,0.00091875
100148,4,0.000434375
100149,4,0.0008343749999999999
100150,4,0.00048437499999999994
100151,4,0.004646874999999999
100152,4,0.0
100153,4,0.0035624999999999993
100154,4,0.00614375
100155,4,0.0051312499999999995
100156,4,0.004928124999999999
100157,4,0.004212499999999999
100158,4,0.005109374999999999
100159,4,0.0062875
100160,4,0.005512499999999999
100161,4,0.006265625
100162,4,0.005875
100163,4,0.005603125
100164,4,0.004665625
100165,4,0.007353125
100166,4,0.0014468749999999998
100167,4,0.003634375
100168,4,8.749999999999999e-05
100169,4,0.0037562499999999996
100170,4,0.004884375
100171,4,0.0048406249999999994
100172,4,0.003184375
100173,4,9.999999999999999e-05
100174,4,0.0019562499999999997
100175,4,0.0028249999999999994
100176,4,0.0019093749999999998
100177,4,0.001809375
100178,4,0.003590625
100179,4,0.004006249999999999
100180,4,0.0026343749999999996
100181,4,0.0033374999999999998
100182,4,0.0031999999999999997
100183,4,0.002721875
100184,4,0.0043281249999999995
100185,4,0.000171875
100186,4,0.0033343749999999997
100187,4,0.0021
100188,4,0.0006624999999999999
100189,4,0.00025624999999999997
100190,4,0.0052656249999999995
100191,4,0.001453125
100192,4,0.00123125
100193,4,0.00239375
100194,4,0.0014437499999999997
100195,4,0.002840625
100196,4,0.0
100197,4,0.0012124999999999998
100198,4,0.0013843749999999998
100199,4,0.0
100200,4,0.0048625
100201,4,0.00115625
100202,4,0.0028531249999999998
100203,4,0.0014281249999999997
100204,4,0.001234375
100205,4,0.002253125
100206,4,0.005828125
100207,4,0.0031187499999999996
100208,4,0.004128125
100209,4,0.001865625
100210,4,0.0
100211,4,0.0020875
100212,4,0.005909374999999999
100213,4,0.003825
100214,4,0.0027999999999999995
100215,4,0.002184375
100216,4,0.0032656249999999994
100217,4,0.0
100218,4,0.0007062499999999998
100219,4,0.0
100220,4,0.004378125
100221,4,0.0036406249999999993
100222,4,0.0026218749999999996
100223,4,0.0017
100224,4,0.0006749999999999999
100225,4,0.008334374999999998
100226,4,0.007243749999999999
100227,4,0.005496874999999999
100228,4,0.0021999999999999997
100229,4,0.00373125
100230,4,0.004503125
100231,4,0.002940625
100232,4,0.0046749999999999995
100233,4,0.0024156249999999994
100234,4,0.0
100235,4,0.0
100236,4,0.000865625
100237,4,0.009646875
100238,4,0.006559375
100239,4,0.007790624999999999
100240,4,0.00155625
100241,4,0.004859375
100242,4,0.00494375
100243,4,0.004971875
100244,4,0.004071874999999999
100245,4,0.001309375
100246,4,0.0024124999999999997
100247,4,0.0
100248,4,1.2499999999999999e-05
100249,4,0.000646875
100250,4,0.001496875
100251,4,0.004306249999999999
100252,4,0.0030656249999999998
100253,4,0.001071875
100254,4,0.0
100255,4,0.0
100256,4,0.00019062499999999996
100257,4,0.0021937499999999995
100258,4,0.003165625
100259,4,0.0046125
100260,4,0.00245
100261,4,0.0030656249999999998
100262,4,0.000240625
100263,4,0.0024281249999999997
100264,4,0.001834375
100265,4,0.003646875
100266,4,0.001596875
100267,4,8.749999999999999e-05
100268,4,1.2499999999999999e-05
100269,4,0.000715625
100270,4,0.0
100271,4,0.0010374999999999998
100272,4,0.0
100273,4,0.0
100274,4,0.0
100275,4,0.0
100276,4,0.0
100277,4,0.0
100278,4,0.0
100279,4,0.0
100280,4,0.0
100281,4,0.0
100282,4,0.0002125
100283,4,1.5625e-05
100284,4,0.004012499999999999
100285,4,0.00436875
100286,4,0.004065625
100287,4,0.0027374999999999995
100288,4,0.0020781249999999997
100289,4,0.003253125
100290,4,0.003575
100291,4,0.006237499999999999
100292,4,0.0006781249999999999
100293,4,0.0007593750000000001
100294,4,0.0025375
100295,4,0.0033874999999999995
100296,4,0.00249375
100297,4,0.0032687499999999995
100298,4,0.00271875
100299,4,0.003528124999999999
100300,4,0.0021125
100301,4,0.004653125
100302,4,0.0034562499999999997
100303,4,0.0018218749999999997
100304,4,0.0015374999999999998
100305,4,0.001021875
100306,4,0.0021093749999999997
100307,4,0.0031093749999999993
100308,4,0.0008156249999999999
100309,4,0.002528125
100310,4,0.0010968749999999998
100311,4,0.0006374999999999999
100312,4,0.000178125
100313,4,0.0007812499999999999
100314,4,0.00013125
100315,4,0.00034999999999999994
100316,4,0.0054125
100317,4,0.0013
100318,4,0.0023531249999999997
100319,4,0.001609375
100320,4,0.0007281249999999999
100321,4,0.000109375
100322,4,0.001503125
100323,4,0.00023124999999999998
100324,4,0.00025624999999999997
100325,4,0.0022375
100326,4,0.002434375
100327,4,0.0030968750000000002
100328,4,7.5e-05
100329,4,0.0031968749999999996
100330,4,0.00378125
100331,4,0.00118125
100332,4,0.0
100333,4,0.003115625
100334,4,0.0031562499999999998
100335,4,0.0026406249999999997
100336,4,0.0034656249999999995
100337,4,0.003634375
100338,4,0.0035593750000000005
100339,4,0.005581249999999999
100340,4,0.006621875
100341,4,0.004831249999999999
100342,4,0.0
100343,4,0.00314375
100344,4,0.003575
100345,4,0.007034375
100346,4,0.0010374999999999998
100347,4,0.0025624999999999997
100348,4,0.0015687499999999998
100349,4,0.0009656249999999999
100350,4,0.0014718749999999999
100351,4,0.000509375
100352,4,0.0041312499999999995
100353,4,0.005084374999999999
100354,4,0.0
100355,4,0.0
100356,4,0.0013812499999999999
100357,4,0.005999999999999999
100358,4,0.0
100359,4,0.0008031249999999999
100360,4,0.0
100361,4,0.00299375
100362,4,0.0098625
100363,4,0.0014124999999999997
100364,4,0.001690625
100365,4,0.001528125
100366,4,0.0
100367,4,0.00026875
100368,4,0.00019375
100369,4,0.00019375
100370,4,0.00039999999999999996
100371,4,0.00032187499999999995
100372,4,0.00010625
100373,4,0.000253125
100374,4,0.0006062499999999999
100375,4,0.00071875
100376,4,0.000109375
100377,4,0.0007624999999999998
100378,4,0.0001625
100379,4,0.000546875
100380,4,0.00011874999999999999
100381,4,0.00019999999999999998
100382,4,4.9999999999999996e-05
100383,4,2.8125e-05
100384,4,4.9999999999999996e-05
100385,4,0.0
100386,4,0.0002125
100387,4,0.0007406249999999999
100388,4,0.0
100389,4,0.000434375
100390,4,0.00015937499999999998
100391,4,0.00021875
100392,4,4.9999999999999996e-05
100393,4,0.0
100394,4,0.00019687499999999997
100395,4,0.000134375
100396,4,1.5625e-05
100397,4,5.937499999999999e-05
100398,4,2.8125e-05
100399,4,2.4999999999999998e-05
100400,4,0.000284375
100401,4,0.00014374999999999997
100402,4,7.5e-05
100403,4,0.000203125
100404,4,9.0625e-05
100405,4,6.5625e-05
100406,4,0.0002125
100407,4,0.0004968749999999999
100408,4,0.00011874999999999999
100409,4,0.00032187499999999995
100410,4,0.0004531249999999999
100411,4,0.000290625
100412,4,0.0009124999999999999
100413,4,4.0625e-05
100414,4,0.0008781249999999999
100415,4,0.0
100416,4,1.5625e-05
100417,4,2.4999999999999998e-05
100418,4,0.00023749999999999997
100419,4,7.8125e-05
100420,4,0.00089375
100421,4,0.002871875
100422,4,0.0011843749999999999
100423,4,0.0018437499999999997
100424,4,0.0028281249999999995
100425,4,0.0018531249999999997
100426,4,0.00256875
100427,4,0.0010999999999999998
100428,4,0.002909375
100429,4,0.003115625
100430,4,0.004012499999999999
100431,4,0.004028125
100432,4,0.0038218749999999993
100433,4,0.011318749999999999
100434,4,0.00313125
100435,4,0.001725
100436,4,0.0017062499999999999
100437,4,0.00256875
100438,4,0.0043906249999999996
100439,4,0.003590625
100440,4,0.021912499999999998
100441,4,0.0157125
100442,4,0.013496874999999998
100443,4,0.011509374999999999
100444,4,0.0049656249999999996
100445,4,0.002890625
100446,4,0.0029562499999999997
100447,4,0.005084374999999999
100448,4,0.0060125
100449,4,0.004849999999999999
100450,4,0.003071875
100451,4,0.001921875
100452,4,0.002090625
100453,4,0.004215625
100454,4,0.005009375
100455,4,0.004537499999999999
100456,4,0.00348125
100457,4,0.01113125
100458,4,0.002478125
100459,4,0.0035468749999999997
100460,4,0.0026218749999999996
100461,4,0.0044624999999999995
100462,4,0.0009249999999999999
100463,4,0.00121875
100464,4,0.002315625
100465,4,0.00319375
100466,4,0.0031718749999999998
100467,4,0.004537499999999999
100468,4,0.0033031249999999996
100469,4,3.4374999999999995e-05
100470,4,0.0020625
100471,4,0.0020343749999999997
100472,4,0.0017531249999999997
100473,4,0.0013812499999999999
100474,4,0.0025
100475,4,0.0026218749999999996
100476,4,0.0015781249999999999
100477,4,0.004371875
100478,4,0.00373125
100479,4,0.0030656249999999998
100480,4,0.0017749999999999999
100481,4,0.00333125
100482,4,0.00414375
100483,4,0.0038468749999999996
100484,4,0.004218749999999999
100485,4,0.003415625
100486,4,0.0035375
100487,4,0.004184375000000001
100488,4,0.004453125
100489,4,0.0023968749999999997
100490,4,0.0034906249999999994
100491,4,0.00975
100492,4,0.0034625
100493,4,0.005009375
100494,4,0.00203125
100495,4,0.0021812499999999996
100496,4,0.0036593749999999994
100497,4,0.003340625
100498,4,0.0040531249999999994
100499,4,0.007637499999999999
100500,4,0.004603125
100501,4,0.003771875
100502,4,0.00143125
100503,4,0.0008468749999999999
100504,4,0.022987499999999998
100505,4,0.00999375
100506,4,0.005962499999999999
100507,4,0.004909374999999999
100508,4,0.026271874999999997
100509,4,0.008012499999999999
100510,4,0.003675
100511,4,0.0
100512,4,0.0015218749999999998
100513,4,0.000378125
100514,4,0.00115625
100515,4,0.002184375
100516,4,0.002453125
100517,4,0.00488125
100518,4,0.003978125
100519,4,0.007156249999999999
100520,4,0.00010625
100521,4,0.003953124999999999
100522,4,0.001678125
100523,4,0.000253125
100524,4,5.625e-05
100525,4,0.00035625
100526,4,0.0005
100527,4,0.00036562499999999996
100528,4,0.001103125
100529,4,0.021159374999999998
100530,4,0.002178125
100531,4,0.0025937499999999997
100532,4,0.0028968749999999997
100533,4,0.001196875
100534,4,0.0
100535,4,0.0
100536,4,0.0
100537,4,0.0006
100538,4,0.0
100539,4,0.00039374999999999995
100540,4,0.0
100541,4,0.000478125
100542,4,0.0
100543,4,0.0
100544,4,0.0006
100545,4,0.0
100546,4,0.0010906249999999998
100547,4,0.00983125
100548,4,0.0
100549,4,0.00015625
100550,4,0.002040625
100551,4,0.003475
100552,4,0.0035937499999999997
100553,4,0.005209375
100554,4,0.0024843749999999996
100555,4,0.0033874999999999995
100556,4,0.002315625
100557,4,0.0019562499999999997
100558,4,0.002440625
100559,4,0.002378125
100560,4,0.0016499999999999998
100561,4,0.0026374999999999997
100562,4,0.006165624999999999
100563,4,0.004015624999999999
100564,4,0.00345
100565,4,0.004546875
100566,4,0.0038562499999999994
100567,4,0.0
100568,4,0.004953124999999999
100569,4,0.0006125
100570,4,0.002496875
100571,4,0.0027093749999999995
100572,4,0.002340625
100573,4,0.0022875
100574,4,0.00290625
100575,4,0.0025718749999999995
100576,4,0.0
100577,4,0.000715625
100578,4,0.0
100579,4,0.0026812499999999996
100580,4,0.0019749999999999998
100581,4,0.0023687499999999998
100582,4,0.0025437499999999996
100583,4,0.0023843749999999998
100584,4,0.00015
100585,4,0.000346875
100586,4,0.00027812499999999994
100587,4,0.00469375
100588,4,0.0005187499999999999
100589,4,0.0027281249999999996
100590,4,0.0
100591,4,5.625e-05
100592,4,6.874999999999999e-05
100593,4,0.00243125
100594,4,0.016053124999999998
100595,4,0.0
100596,4,0.0030937499999999997
100597,4,0.0
100598,4,0.005143749999999999
100599,4,0.010625
100600,4,0.005384375
100601,4,0.00778125
100602,4,0.003340625
100603,4,0.00360625
100604,4,0.0032343749999999994
100605,4,0.00271875
100606,4,0.0026218749999999996
100607,4,0.0029874999999999997
100608,4,0.001659375
100609,4,0.001534375
100610,4,0.003987500000000001
100611,4,0.0006062499999999999
100612,4,0.0022375
100613,4,0.00290625
100614,4,0.0019937500000000003
100615,4,0.0020781249999999997
100616,4,0.002303125
100617,4,0.001665625
100618,4,0.00253125
100619,4,0.0018687499999999998
100620,4,0.0013249999999999998
100621,4,0.0021093749999999997
100622,4,0.00103125
100623,4,0.0026406249999999997
100624,4,0.00129375
100625,4,0.0015593749999999998
100626,4,4.0625e-05
100627,4,0.0006906249999999999
100628,4,0.0023531249999999997
100629,4,0.001
100630,4,0.000515625
100631,4,0.0027593749999999997
100632,4,0.000971875
100633,4,0.0008625
100634,4,0.000734375
100635,4,0.00101875
100636,4,0.0019625
100637,4,0.0015062499999999998
100638,4,0.0022875
100639,4,0.000971875
100640,4,0.0013406249999999998
100641,4,0.0013999999999999998
100642,4,0.000940625
100643,4,0.001484375
100644,4,0.001265625
100645,4,0.0025937499999999997
100646,4,0.00114375
100647,4,0.00145
100648,4,0.00075625
100649,4,0.0016875
100650,4,0.001165625
100651,4,0.0014906249999999998
100652,4,0.0016312499999999999
100653,4,0.0020531250000000003
100654,4,0.002875
100655,4,0.001390625
100656,4,0.00313125
100657,4,0.0012874999999999998
100658,4,0.001809375
100659,4,0.00171875
100660,4,0.001121875
100661,4,0.0011093750000000001
100662,4,0.0023187499999999996
100663,4,0.0013999999999999998
100664,4,0.001609375
100665,4,0.0014437499999999997
100666,4,0.0
100667,4,0.005490625
100668,4,0.0
100669,4,0.00079375
100670,4,0.0004281249999999999
100671,4,0.0007312499999999999
100672,4,0.0008249999999999999
100673,4,0.004590625
100674,4,0.001328125
100675,4,0.001
100676,4,0.001321875
100677,4,0.0012281249999999998
100678,4,0.0017031249999999998
100679,4,0.0017281249999999998
100680,4,0.00059375
100681,4,0.0020062499999999994
100682,4,0.0
100683,4,0.002440625
100684,4,0.0017375
100685,4,0.0031
100686,4,0.001571875
100687,4,0.0012718749999999998
100688,4,0.00215625
100689,4,0.00158125
100690,4,0.0014124999999999997
100691,4,0.00295
100692,4,0.0032749999999999997
100693,4,0.00234375
100694,4,0.003696875
100695,4,0.0025031249999999997
100696,4,0.0011312499999999999
100697,4,0.0009687499999999999
100698,4,0.0006
100699,4,0.0029749999999999998
100700,4,0.003103125
100701,4,3.125e-05
100702,4,0.001496875
100703,4,0.0013562499999999998
100704,4,0.002253125
100705,4,0.0019656250000000004
100706,4,0.004309375
100707,4,0.00246875
100708,4,0.002178125
100709,4,0.0028249999999999994
100710,4,0.0011312499999999999
100711,4,0.001375
100712,4,0.0032374999999999995
100713,4,0.00228125
100714,4,0.000946875
100715,4,0.000775
100716,4,0.00118125
100717,4,0.000521875
100718,4,0.0014718749999999999
100719,4,0.0006218749999999999
100720,4,0.0026374999999999997
100721,4,0.00275
100722,4,0.0019656250000000004
100723,4,0.002209375
100724,4,0.001371875
100725,4,0.000334375
100726,4,0.0009937499999999998
100727,4,0.0004531249999999999
100728,4,2.8125e-05
100729,4,0.00164375
100730,4,0.0
100731,4,0.000184375
100732,4,0.0021062499999999996
100733,4,0.0015187500000000001
100734,4,0.004178125
100735,4,0.0029187499999999995
100736,4,0.008231249999999999
100737,4,0.00468125
100738,4,0.002878125
100739,4,0.0016875
100740,4,0.0019562499999999997
100741,4,0.00164375
100742,4,0.002325
100743,4,0.00146875
100744,4,0.0
100745,4,1.875e-05
100746,4,0.0
100747,4,0.000778125
100748,4,0.00041249999999999994
100749,4,0.0003812499999999999
100750,4,0.001659375
100751,4,0.0020156249999999996
100752,4,0.0017062499999999999
100753,4,0.002871875
100754,4,0.003628125
100755,4,0.001709375
100756,4,0.0010875
100757,4,0.0025875
100758,4,0.00215
100759,4,0.0015531249999999998
100760,4,0.0019343750000000001
100761,4,0.0034687499999999996
100762,4,0.0017031249999999998
100763,4,0.0021812499999999996
100764,4,0.0017437499999999999
100765,4,0.0023562499999999994
100766,4,0.0023218749999999997
100767,4,0.025621875
100768,4,0.00360625
100769,4,0.00345
100770,4,0.0
100771,4,0.0036375
100772,4,0.0031468749999999995
100773,4,0.0028281249999999995
100774,4,0.003340625
100775,4,0.0037906249999999997
100776,4,0.0019562499999999997
100777,4,0.0031687499999999997
100778,4,2.1874999999999996e-05
100779,4,0.002325
100780,4,0.0005124999999999999
100781,4,0.0019937500000000003
100782,4,0.007925
100783,4,0.007396874999999999
100784,4,0.0001125
100785,4,0.0
100786,4,0.0011593749999999998
100787,4,0.003653125
100788,4,0.0030968750000000002
100789,4,0.0018562499999999998
100790,4,0.0021343749999999996
100791,4,0.002246875
100792,4,0.00416875
100793,4,0.00213125
100794,4,0.0028593749999999995
100795,4,0.0033156249999999996
100796,4,0.0026406249999999997
100797,4,0.0010374999999999998
100798,4,0.0009218749999999998
100799,4,0.012278124999999999
100800,4,0.020437499999999997
100801,4,0.00290625
100802,4,0.00050625
100803,4,0.0
100804,4,0.0031093749999999993
100805,4,0.00529375
100806,4,0.0043
100807,4,0.0
100808,4,0.0019343750000000001
100809,4,0.0012281249999999998
100810,4,0.0006781249999999999
100811,4,7.187499999999999e-05
100812,4,0.00046875000000000004
100813,4,0.0019187499999999994
100814,4,0.008799999999999999
100815,4,0.007471874999999999
100816,4,0.0
100817,4,7.187499999999999e-05
100818,4,0.002725
100819,4,0.013071874999999998
100820,4,0.0
100821,4,0.0
100822,4,0.0038562499999999994
100823,4,0.0043906249999999996
100824,4,0.0030875
100825,4,0.0076875
100826,4,0.007731249999999999
100827,4,0.0028687499999999998
100828,4,0.007465625
100829,4,0.0032749999999999997
100830,4,0.0
100831,4,0.002246875
100832,4,0.0025875
100833,4,0.0016062499999999998
100834,4,0.000178125
100835,4,0.0013187499999999998
100836,4,0.002675
100837,4,0.00105
100838,4,0.00103125
100839,4,0.001484375
100840,4,0.0
100841,4,0.0035531249999999994
100842,4,0.002965625
100843,4,0.003815624999999999
100844,4,0.0
100845,4,0.0
100846,4,0.0028156249999999996
100847,4,0.003228125
100848,4,0.0037218749999999995
100849,4,0.0007218749999999999
100850,4,0.003440625
100851,4,0.0017843749999999997
100852,4,0.002646875
100853,4,0.002071875
100854,4,0.00196875
100855,4,0.0006031249999999999
100856,4,0.009096874999999999
100857,4,0.009899999999999999
100858,4,0.00249375
100859,4,0.00054375
100860,4,0.0
100861,4,0.0029249999999999996
100862,4,0.00188125
100863,4,0.000875
100864,4,0.00248125
100865,4,0.0027312499999999997
100866,4,0.00189375
100867,4,0.011465625
100868,4,0.0011749999999999998
100869,4,0.0033874999999999995
100870,4,0.0008812499999999999
100871,4,0.003253125
100872,4,0.0006187499999999999
100873,4,0.0006875
100874,4,0.00474375
100875,4,0.0015312499999999998
100876,4,0.002271875
100877,4,0.001078125
100878,4,0.0019593749999999997
100879,4,0.013806249999999999
100880,4,0.00319375
100881,4,0.0014031249999999999
100882,4,0.0
100883,4,0.003221875
100884,4,0.0004937499999999999
100885,4,0.010146875
100886,4,0.005734374999999999
100887,4,0.0
100888,4,0.00079375
100889,4,0.0034062499999999996
100890,4,0.001725
100891,4,0.00058125
100892,4,0.0031687499999999997
100893,4,0.0004968749999999999
100894,4,0.000609375
100895,4,0.0009625
100896,4,0.000515625
100897,4,0.00025
100898,4,0.000490625
100899,4,9.999999999999999e-05
100900,4,0.00283125
100901,4,0.000771875
100902,4,0.000490625
100903,4,0.00075625
100904,4,0.0
100905,4,0.0061375
100906,4,0.0022187500000000002
100907,4,0.0039968749999999996
100908,4,0.0023874999999999994
100909,4,0.001196875
100910,4,0.00039062499999999997
100911,4,0.0002125
100912,4,0.000615625
100913,4,0.0026999999999999997
100914,4,0.0013562499999999998
100915,4,0.0018468750000000002
100916,4,0.0025
100917,4,0.0018625
100918,4,0.0035468749999999997
100919,4,0.0021687499999999997
100920,4,0.0015468749999999999
100921,4,0.00155
100922,4,0.007459375
100923,4,0.0
100924,4,0.0
100925,4,0.0021687499999999997
100926,4,0.001196875
100927,4,0.00246875
100928,4,0.0028343749999999997
100929,4,0.001690625
100930,4,0.00215
100931,4,0.0
100932,4,0.0020781249999999997
