node_id,node_type,x_km,y_km,facility_id,service,population
100001,Region,34.977048,138.381986,,,201.0
100002,Region,34.982187,138.382433,,,97.0
100003,Region,34.979336,138.386221,,,121.0
100004,Region,34.979284,138.383172,,,0.0
100005,Region,34.981999,138.378711,,,1157.0
100006,Region,34.98346,138.384302,,,578.0
100007,Region,34.982699,138.388257,,,790.0
100008,Region,34.985662,138.389567,,,1665.0
100009,Region,34.987479,138.392541,,,1074.0
100010,Region,34.989576,138.389175,,,1393.0
100011,Region,34.976064,138.387629,,,377.0
100012,Region,34.977501,138.389297,,,1294.0
100013,Region,34.979777,138.389845,,,871.0
100014,Region,34.981705,138.392321,,,872.0
100015,Region,34.983005,138.390997,,,433.0
100016,Region,34.983839,138.392894,,,285.0
100017,Region,34.985188,138.393969,,,309.0
100018,Region,34.982633,138.396454,,,660.0
100019,Region,34.981854,138.395279,,,310.0
100020,Region,34.978558,138.398493,,,284.0
100021,Region,34.978914,138.401711,,,615.0
100022,Region,34.981073,138.400961,,,880.0
100023,Region,34.979409,138.395054,,,1347.0
100024,Region,34.978047,138.392288,,,441.0
100025,Region,34.977197,138.39554,,,560.0
100026,Region,34.976743,138.397961,,,297.0
100027,Region,34.975489,138.394634,,,281.0
100028,Region,34.974993,138.389737,,,781.0
100029,Region,34.974433,138.391725,,,69.0
100030,Region,34.973804,138.387351,,,162.0
100031,Region,34.971755,138.38867,,,11.0
100032,Region,34.975526,138.380298,,,582.0
100033,Region,34.974255,138.383292,,,63.0
100034,Region,34.974694,138.379801,,,459.0
100035,Region,34.973349,138.382962,,,57.0
100036,Region,34.972771,138.380642,,,1008.0
100037,Region,34.972497,138.385539,,,83.0
100038,Region,34.971451,138.383792,,,248.0
100039,Region,34.972356,138.382257,,,76.0
100040,Region,34.970635,138.382239,,,529.0
100041,Region,34.969755,138.380473,,,359.0
100042,Region,34.969014,138.382208,,,251.0
100043,Region,34.971342,138.378926,,,237.0
100044,Region,34.973488,138.379536,,,204.0
100045,Region,34.972221,138.378836,,,233.0
100046,Region,34.973914,138.378576,,,230.0
100047,Region,34.972564,138.377687,,,307.0
100048,Region,34.970662,138.378333,,,469.0
100049,Region,34.969312,138.377495,,,311.0
100050,Region,34.967648,138.376959,,,236.0
100051,Region,34.96632,138.376134,,,728.0
100052,Region,34.964996,138.375048,,,572.0
100053,Region,34.963171,138.373425,,,694.0
100054,Region,34.968189,138.376045,,,253.0
100055,Region,34.968646,138.378864,,,336.0
100056,Region,34.968238,138.380685,,,515.0
100057,Region,34.967491,138.380035,,,319.0
100058,Region,34.966602,138.379298,,,659.0
100059,Region,34.967227,138.377898,,,148.0
100060,Region,34.964695,138.37776,,,493.0
100061,Region,34.963359,138.371395,,,232.0
100062,Region,34.961006,138.369347,,,521.0
100063,Region,34.962246,138.375379,,,365.0
100064,Region,34.959843,138.372434,,,213.0
100065,Region,34.975672,138.378347,,,58.0
100066,Region,34.97498,138.377639,,,96.0
100067,Region,34.974079,138.377452,,,99.0
100068,Region,34.973269,138.376994,,,69.0
100069,Region,34.972413,138.376402,,,124.0
100070,Region,34.9714,138.375349,,,217.0
100071,Region,34.970136,138.37433,,,333.0
100072,Region,34.968866,138.373765,,,169.0
100073,Region,34.968015,138.373055,,,129.0
100074,Region,34.966614,138.372527,,,211.0
100075,Region,34.965105,138.371442,,,88.0
100076,Region,34.969383,138.375563,,,718.0
100077,Region,34.966318,138.373592,,,214.0
100078,Region,34.964964,138.372711,,,222.0
100079,Region,34.974502,138.376154,,,213.0
100080,Region,34.973398,138.375547,,,121.0
100081,Region,34.972539,138.374972,,,202.0
100082,Region,34.971023,138.373509,,,248.0
100083,Region,34.96782,138.371383,,,959.0
100084,Region,34.974782,138.362609,,,1092.0
100085,Region,34.972776,138.363788,,,1275.0
100086,Region,34.970903,138.364437,,,944.0
100087,Region,34.969577,138.366112,,,896.0
100088,Region,34.967575,138.364918,,,751.0
100089,Region,34.966808,138.368997,,,408.0
100090,Region,34.964445,138.366439,,,436.0
100091,Region,34.964056,138.370172,,,191.0
100092,Region,34.976041,138.372751,,,594.0
100093,Region,34.97545,138.371887,,,758.0
100094,Region,34.974862,138.37087,,,895.0
100095,Region,34.973715,138.372234,,,347.0
100096,Region,34.973233,138.371864,,,351.0
100097,Region,34.97255,138.371903,,,322.0
100098,Region,34.972058,138.371685,,,265.0
100099,Region,34.971297,138.371772,,,255.0
100100,Region,34.971091,138.371203,,,188.0
100101,Region,34.974513,138.368218,,,173.0
100102,Region,34.973562,138.369133,,,268.0
100103,Region,34.971985,138.369401,,,302.0
100104,Region,34.970591,138.370172,,,216.0
100105,Region,34.96977,138.370317,,,258.0
100106,Region,34.968809,138.370343,,,198.0
100107,Region,34.976967,138.379007,,,55.0
100108,Region,34.97872,138.377823,,,567.0
100109,Region,34.977144,138.378178,,,74.0
100110,Region,34.976528,138.377677,,,116.0
100111,Region,34.975982,138.376367,,,268.0
100112,Region,34.976794,138.374626,,,243.0
100113,Region,34.977173,138.376364,,,111.0
100114,Region,34.97753,138.375385,,,120.0
100115,Region,34.977817,138.377494,,,170.0
100116,Region,34.978895,138.375497,,,670.0
100117,Region,34.977941,138.374484,,,103.0
100118,Region,34.978358,138.37339,,,117.0
100119,Region,34.978547,138.372408,,,20.0
100120,Region,34.977712,138.372517,,,212.0
100121,Region,34.977469,138.371074,,,147.0
100122,Region,34.976631,138.373511,,,206.0
100123,Region,34.982427,138.375746,,,350.0
100124,Region,34.981114,138.375304,,,207.0
100125,Region,34.98279,138.373952,,,253.0
100126,Region,34.980309,138.373773,,,279.0
100127,Region,34.979034,138.371953,,,127.0
100128,Region,34.978166,138.370249,,,157.0
100129,Region,34.976766,138.367893,,,249.0
100130,Region,34.976375,138.365013,,,561.0
100131,Region,34.979317,138.369639,,,703.0
100132,Region,34.986945,138.371884,,,1345.0
100133,Region,34.984198,138.372455,,,156.0
100134,Region,34.982478,138.371793,,,568.0
100135,Region,34.982498,138.369403,,,1087.0
100136,Region,34.981537,138.366779,,,1171.0
100137,Region,34.979631,138.362497,,,2264.0
100138,Region,34.985309,138.367702,,,832.0
100139,Region,34.985072,138.361952,,,808.0
100140,Region,34.988493,138.365671,,,1126.0
100141,Region,34.99263,138.3659,,,1321.0
100142,Region,34.995222,138.368168,,,1119.0
100143,Region,34.991246,138.370624,,,1861.0
100144,Region,34.989032,138.361297,,,729.0
100145,Region,34.98543,138.380845,,,187.0
100146,Region,34.984245,138.378544,,,217.0
100147,Region,34.985114,138.377867,,,294.0
100148,Region,34.98506,138.379074,,,139.0
100149,Region,34.985652,138.376725,,,267.0
100150,Region,34.986094,138.378934,,,155.0
100151,Region,34.98858,138.379001,,,1487.0
100152,Region,35.002778,138.377827,,,0.0
100153,Region,34.992867,138.381037,,,1140.0
100154,Region,34.99746,138.381495,,,1966.0
100155,Region,34.998085,138.377932,,,1642.0
100156,Region,35.001918,138.381261,,,1577.0
100157,Region,34.991855,138.376588,,,1348.0
100158,Region,34.985463,138.384616,,,1635.0
100159,Region,34.988626,138.3845,,,2012.0
100160,Region,34.99223,138.384996,,,1764.0
100161,Region,34.994671,138.388417,,,2005.0
100162,Region,34.99683,138.385958,,,1880.0
100163,Region,35.000391,138.384536,,,1793.0
100164,Region,35.003022,138.387323,,,1493.0
100165,Region,34.999131,138.391001,,,2353.0
100166,Region,35.003294,138.395981,,,463.0
100167,Region,35.004263,138.391604,,,1163.0
100168,Region,34.987879,138.396295,,,28.0
100169,Region,34.989688,138.394952,,,1202.0
100170,Region,34.992672,138.391973,,,1563.0
100171,Region,34.995831,138.393849,,,1549.0
100172,Region,34.992908,138.396047,,,1019.0
100173,Region,34.988479,138.397214,,,32.0
100174,Region,34.990722,138.398293,,,626.0
100175,Region,34.992243,138.401197,,,904.0
100176,Region,34.994417,138.400613,,,611.0
100177,Region,34.995853,138.400042,,,579.0
100178,Region,34.996407,138.404109,,,1149.0
100179,Region,34.998583,138.407262,,,1282.0
100180,Region,35.001506,138.405078,,,843.0
100181,Region,34.999801,138.410767,,,1068.0
100182,Region,35.002657,138.408155,,,1024.0
100183,Region,35.004639,138.4037,,,871.0
100184,Region,34.99786,138.397707,,,1385.0
100185,Region,35.00223,138.399891,,,55.0
100186,Region,34.999559,138.401906,,,1067.0
100187,Region,34.986796,138.396136,,,672.0
100188,Region,34.984905,138.395915,,,212.0
100189,Region,34.989431,138.40628,,,82.0
100190,Region,34.985958,138.399144,,,1685.0
100191,Region,34.988939,138.401517,,,465.0
100192,Region,34.991734,138.404268,,,394.0
100193,Region,34.994383,138.405851,,,766.0
100194,Region,34.99671,138.409644,,,462.0
100195,Region,34.995421,138.411883,,,909.0
100196,Region,34.983057,138.403312,,,0.0
100197,Region,34.983295,138.408015,,,388.0
100198,Region,34.983681,138.405265,,,443.0
100199,Region,34.988069,138.418082,,,0.0
100200,Region,34.988654,138.411306,,,1556.0
100201,Region,34.990547,138.4126,,,370.0
100202,Region,34.991667,138.41491,,,913.0
100203,Region,34.992505,138.417347,,,457.0
100204,Region,34.992281,138.422296,,,395.0
100205,Region,34.996746,138.423059,,,721.0
100206,Region,34.994394,138.419217,,,1865.0
100207,Region,34.997077,138.415793,,,998.0
100208,Region,34.998426,138.419601,,,1321.0
100209,Region,35.000035,138.423965,,,597.0
100210,Region,35.011923,138.407499,,,0.0
100211,Region,35.001312,138.419965,,,668.0
100212,Region,35.004405,138.416503,,,1891.0
100213,Region,35.007543,138.412766,,,1224.0
100214,Region,35.008131,138.406589,,,896.0
100215,Region,35.009385,138.410229,,,699.0
100216,Region,35.015701,138.413679,,,1045.0
100217,Region,35.028896,138.406777,,,0.0
100218,Region,35.020238,138.412736,,,226.0
100219,Region,35.02934,138.413488,,,0.0
100220,Region,35.001441,138.412968,,,1401.0
100221,Region,35.003796,138.41212,,,1165.0
100222,Region,35.055577,138.412172,,,839.0
100223,Region,35.042581,138.43028,,,544.0
100224,Region,35.075712,138.420094,,,216.0
100225,Region,35.003979,138.425254,,,2667.0
100226,Region,35.005859,138.429192,,,2318.0
100227,Region,35.007846,138.433297,,,1759.0
100228,Region,35.010839,138.426765,,,704.0
100229,Region,35.004342,138.421113,,,1194.0
100230,Region,35.007314,138.421058,,,1441.0
100231,Region,35.00987,138.416884,,,941.0
100232,Region,35.009882,138.420837,,,1496.0
100233,Region,35.010969,138.423708,,,773.0
100234,Region,35.020954,138.416484,,,0.0
100235,Region,35.030089,138.42129,,,0.0
100236,Region,35.023235,138.427496,,,277.0
100237,Region,35.013746,138.423496,,,3087.0
100238,Region,35.015934,138.419104,,,2099.0
100239,Region,35.021465,138.422365,,,2493.0
100240,Region,35.02013,138.418102,,,498.0
100241,Region,35.025566,138.42091,,,1555.0
100242,Region,35.03057,138.426261,,,1582.0
100243,Region,35.031554,138.423889,,,1591.0
100244,Region,35.012689,138.414742,,,1303.0
100245,Region,35.006438,138.382377,,,419.0
100246,Region,35.00594,138.385645,,,772.0
100247,Region,35.013795,138.386634,,,0.0
100248,Region,35.018349,138.383323,,,4.0
100249,Region,35.018847,138.386215,,,207.0
100250,Region,35.022582,138.389375,,,479.0
100251,Region,35.009607,138.385572,,,1378.0
100252,Region,35.01232,138.389594,,,981.0
100253,Region,35.013163,138.384515,,,343.0
100254,Region,35.030056,138.387041,,,0.0
100255,Region,35.03422,138.38837,,,0.0
100256,Region,35.047031,138.402636,,,61.0
100257,Region,35.032045,138.394421,,,702.0
100258,Region,35.037787,138.395024,,,1013.0
100259,Region,35.04009,138.397687,,,1476.0
100260,Region,35.040588,138.401773,,,784.0
100261,Region,35.036355,138.398903,,,981.0
100262,Region,35.02911,138.400786,,,77.0
100263,Region,35.030177,138.397267,,,777.0
100264,Region,35.033751,138.398731,,,587.0
100265,Region,35.009378,138.389803,,,1167.0
100266,Region,35.007592,138.392216,,,511.0
100267,Region,35.016919,138.389248,,,28.0
100268,Region,35.026851,138.394656,,,4.0
100269,Region,35.024006,138.394331,,,229.0
100270,Region,35.020198,138.393566,,,0.0
100271,Region,35.020948,138.398009,,,332.0
100272,Region,35.016213,138.393991,,,0.0
100273,Region,35.012781,138.394727,,,0.0
100274,Region,35.008684,138.398017,,,0.0
100275,Region,35.009441,138.401858,,,0.0
100276,Region,35.014011,138.398799,,,0.0
100277,Region,35.014798,138.406012,,,0.0
100278,Region,35.016518,138.400445,,,0.0
100279,Region,35.020129,138.401091,,,0.0
100280,Region,35.0197,138.404165,,,0.0
100281,Region,35.023311,138.407341,,,0.0
100282,Region,35.026537,138.410989,,,68.0
100283,Region,35.00005,138.373714,,,5.0
100284,Region,34.997871,138.370711,,,1284.0
100285,Region,35.002128,138.370125,,,1398.0
100286,Region,34.994089,138.360108,,,1301.0
100287,Region,34.998732,138.360465,,,876.0
100288,Region,34.99536,138.363357,,,665.0
100289,Region,34.997735,138.365626,,,1041.0
100290,Region,35.00126,138.366139,,,1144.0
100291,Region,35.009408,138.371374,,,1996.0
100292,Region,35.001872,138.363644,,,217.0
100293,Region,35.001579,138.360205,,,243.0
100294,Region,35.004561,138.361093,,,812.0
100295,Region,35.004871,138.365907,,,1084.0
100296,Region,35.007139,138.367345,,,798.0
100297,Region,35.00935,138.368618,,,1046.0
100298,Region,35.008744,138.363412,,,870.0
100299,Region,35.01301,138.36772,,,1129.0
100300,Region,35.016323,138.370286,,,676.0
100301,Region,35.007322,138.373008,,,1489.0
100302,Region,35.01099,138.375043,,,1106.0
100303,Region,35.013918,138.375664,,,583.0
100304,Region,35.017226,138.374906,,,492.0
100305,Region,35.012777,138.378182,,,327.0
100306,Region,35.024536,138.377049,,,675.0
100307,Region,35.039101,138.382116,,,995.0
100308,Region,35.051591,138.382012,,,261.0
100309,Region,35.070911,138.38237,,,809.0
100310,Region,35.054784,138.37218,,,351.0
100311,Region,35.09465,138.386281,,,204.0
100312,Region,35.103841,138.371375,,,57.0
100313,Region,35.109453,138.368318,,,250.0
100314,Region,35.115794,138.365847,,,42.0
100315,Region,35.117483,138.386499,,,112.0
100316,Region,34.968496,138.339583,,,1732.0
100317,Region,34.975445,138.32794,,,416.0
100318,Region,34.97148,138.315726,,,753.0
100319,Region,34.966743,138.297909,,,515.0
100320,Region,34.982162,138.285193,,,233.0
100321,Region,34.982262,138.270335,,,35.0
100322,Region,34.999994,138.275093,,,481.0
100323,Region,35.003178,138.243119,,,74.0
100324,Region,35.010899,138.264978,,,82.0
100325,Region,35.019082,138.256682,,,716.0
100326,Region,34.975001,138.355509,,,779.0
100327,Region,34.97917,138.355642,,,991.0
100328,Region,34.988942,138.351653,,,24.0
100329,Region,34.981572,138.351905,,,1023.0
100330,Region,34.9854,138.35511,,,1210.0
100331,Region,34.999227,138.346985,,,378.0
100332,Region,34.989832,138.343359,,,0.0
100333,Region,34.985414,138.344269,,,997.0
100334,Region,34.988211,138.33799,,,1010.0
100335,Region,34.980377,138.346072,,,845.0
100336,Region,34.977683,138.34488,,,1109.0
100337,Region,34.980197,138.338286,,,1163.0
100338,Region,34.982187,138.34269,,,1139.0
100339,Region,34.983333,138.339082,,,1786.0
100340,Region,34.985522,138.335325,,,2119.0
100341,Region,34.991444,138.330082,,,1546.0
100342,Region,35.001296,138.329281,,,0.0
100343,Region,34.974786,138.351152,,,1006.0
100344,Region,34.983483,138.328557,,,1144.0
100345,Region,35.014998,138.31143,,,2251.0
100346,Region,34.994527,138.297453,,,332.0
100347,Region,35.016105,138.284151,,,820.0
100348,Region,35.046274,138.293773,,,502.0
100349,Region,35.010734,138.358477,,,309.0
100350,Region,35.02733,138.36978,,,471.0
100351,Region,35.008514,138.349502,,,163.0
100352,Region,35.01818,138.360076,,,1322.0
100353,Region,35.021304,138.366469,,,1627.0
100354,Region,35.014798,138.350424,,,0.0
100355,Region,35.011304,138.355338,,,0.0
100356,Region,35.019096,138.351093,,,442.0
100357,Region,35.027652,138.337752,,,1920.0
100358,Region,35.022212,138.356195,,,0.0
100359,Region,35.032457,138.361288,,,257.0
100360,Region,35.024978,138.367479,,,0.0
100361,Region,35.030212,138.366707,,,958.0
100362,Region,35.046001,138.348956,,,3156.0
100363,Region,35.072247,138.314317,,,452.0
100364,Region,35.072576,138.353255,,,541.0
100365,Region,35.087829,138.357665,,,489.0
100366,Region,35.086365,138.367493,,,0.0
100367,Region,35.099408,138.361946,,,86.0
100368,Region,35.038119,138.26565,,,62.0
100369,Region,35.048403,138.261075,,,62.0
100370,Region,35.044844,138.24541,,,128.0
100371,Region,35.0627,138.271921,,,103.0
100372,Region,35.05585,138.233564,,,34.0
100373,Region,35.034505,138.253999,,,81.0
100374,Region,35.032277,138.239626,,,194.0
100375,Region,35.035595,138.215436,,,230.0
100376,Region,35.07963,138.211019,,,35.0
100377,Region,35.069009,138.243429,,,244.0
100378,Region,35.084277,138.264854,,,52.0
100379,Region,35.094601,138.230778,,,175.0
100380,Region,35.107852,138.230828,,,38.0
100381,Region,35.114265,138.25298,,,64.0
100382,Region,35.122542,138.219529,,,16.0
100383,Region,35.138926,138.234202,,,9.0
100384,Region,35.131137,138.199583,,,16.0
100385,Region,35.112419,138.206002,,,0.0
100386,Region,35.120414,138.349847,,,68.0
100387,Region,35.108154,138.343308,,,237.0
100388,Region,35.113632,138.32624,,,0.0
100389,Region,35.104028,138.317044,,,139.0
100390,Region,35.126199,138.325074,,,51.0
100391,Region,35.137067,138.324783,,,70.0
100392,Region,35.149961,138.316585,,,16.0
100393,Region,35.142356,138.328829,,,0.0
100394,Region,35.151797,138.337272,,,63.0
100395,Region,35.162448,138.331158,,,43.0
100396,Region,35.165626,138.313622,,,5.0
100397,Region,35.173741,138.306269,,,19.0
100398,Region,35.190568,138.311181,,,9.0
100399,Region,35.212886,138.303221,,,8.0
100400,Region,35.11309,138.286742,,,91.0
100401,Region,35.128535,138.299459,,,46.0
100402,Region,35.150099,138.263646,,,24.0
100403,Region,35.15253,138.290817,,,65.0
100404,Region,35.124076,138.357331,,,29.0
100405,Region,35.128728,138.360421,,,21.0
100406,Region,35.135263,138.378853,,,68.0
100407,Region,35.15097,138.372411,,,159.0
100408,Region,35.171765,138.354168,,,38.0
100409,Region,35.178825,138.376651,,,103.0
100410,Region,35.203122,138.365531,,,145.0
100411,Region,35.229741,138.320476,,,93.0
100412,Region,35.272491,138.332719,,,292.0
100413,Region,35.181825,138.274388,,,13.0
100414,Region,35.222333,138.225939,,,281.0
100415,Region,35.253457,138.267085,,,0.0
100416,Region,35.23962,138.23577,,,5.0
100417,Region,35.241795,138.272003,,,8.0
100418,Region,35.421658,138.192489,,,76.0
100419,Region,35.283919,138.259663,,,25.0
100420,Region,35.03472,138.391068,,,286.0
100421,Region,35.035702,138.393662,,,919.0
100422,Region,35.038118,138.391667,,,379.0
100423,Region,34.989014,138.417156,,,590.0
100424,Region,34.986168,138.412942,,,905.0
100425,Region,35.02818,138.39061,,,593.0
100426,Region,34.958289,138.375416,,,822.0
100427,Region,35.003581,138.435914,,,352.0
100428,Region,34.965174,138.383186,,,931.0
100429,Region,34.964028,138.381715,,,997.0
100430,Region,34.961508,138.38544,,,1284.0
100431,Region,34.962157,138.379435,,,1289.0
100432,Region,34.958582,138.389146,,,1223.0
100433,Region,34.955742,138.386923,,,3622.0
100434,Region,34.959864,138.38276,,,1002.0
100435,Region,34.95848,138.380745,,,552.0
100436,Region,34.95623,138.377657,,,546.0
100437,Region,34.953505,138.37951,,,822.0
100438,Region,34.951073,138.384649,,,1405.0
100439,Region,34.95209,138.392295,,,1149.0
100440,Region,34.939573,138.393528,,,7012.0
100441,Region,34.94804,138.398222,,,5028.0
100442,Region,34.943186,138.404629,,,4319.0
100443,Region,34.946105,138.409222,,,3683.0
100444,Region,34.970018,138.389947,,,1589.0
100445,Region,34.968341,138.387065,,,925.0
100446,Region,34.967488,138.384011,,,946.0
100447,Region,34.965657,138.386662,,,1627.0
100448,Region,34.963558,138.388722,,,1924.0
100449,Region,34.961112,138.391015,,,1552.0
100450,Region,34.967647,138.390622,,,983.0
100451,Region,34.969085,138.392911,,,615.0
100452,Region,34.967699,138.394386,,,669.0
100453,Region,34.965786,138.39229,,,1349.0
100454,Region,34.963266,138.394508,,,1603.0
100455,Region,34.960799,138.396713,,,1452.0
100456,Region,34.958523,138.398684,,,1114.0
100457,Region,34.956409,138.395331,,,3562.0
100458,Region,34.965169,138.396611,,,793.0
100459,Region,34.961149,138.400172,,,1135.0
100460,Region,34.958037,138.403712,,,839.0
100461,Region,34.956047,138.401185,,,1428.0
100462,Region,34.971734,138.39311,,,296.0
100463,Region,34.973164,138.394946,,,390.0
100464,Region,34.970853,138.395591,,,741.0
100465,Region,34.969499,138.397406,,,1022.0
100466,Region,34.967733,138.398508,,,1015.0
100467,Region,34.966876,138.400972,,,1452.0
100468,Region,34.962551,138.402522,,,1057.0
100469,Region,34.970083,138.401613,,,11.0
100470,Region,34.974216,138.397011,,,660.0
100471,Region,34.972718,138.39878,,,651.0
100472,Region,34.975159,138.39866,,,561.0
100473,Region,34.976262,138.400824,,,442.0
100474,Region,34.974529,138.401676,,,800.0
100475,Region,34.97267,138.402292,,,839.0
100476,Region,34.970691,138.404223,,,505.0
100477,Region,34.966712,138.407732,,,1399.0
100478,Region,34.965984,138.404325,,,1194.0
100479,Region,34.963595,138.406608,,,981.0
100480,Region,34.962562,138.410039,,,568.0
100481,Region,34.960806,138.411762,,,1066.0
100482,Region,34.958289,138.414427,,,1326.0
100483,Region,34.959848,138.406851,,,1231.0
100484,Region,34.95711,138.41063,,,1350.0
100485,Region,34.954926,138.407788,,,1093.0
100486,Region,34.952758,138.40394,,,1132.0
100487,Region,34.951673,138.411505,,,1339.0
100488,Region,34.94927,138.41413,,,1425.0
100489,Region,34.954224,138.415274,,,767.0
100490,Region,34.951223,138.418213,,,1117.0
100491,Region,34.947012,138.420106,,,3120.0
100492,Region,34.956355,138.418358,,,1108.0
100493,Region,34.952677,138.42157,,,1603.0
100494,Region,34.978135,138.404204,,,650.0
100495,Region,34.97747,138.406052,,,698.0
100496,Region,34.973751,138.407357,,,1171.0
100497,Region,34.975977,138.410469,,,1069.0
100498,Region,34.978339,138.412721,,,1297.0
100499,Region,34.981458,138.411843,,,2444.0
100500,Region,34.980636,138.416119,,,1473.0
100501,Region,34.97077,138.409512,,,1207.0
100502,Region,34.968783,138.413318,,,458.0
100503,Region,34.967101,138.410613,,,271.0
100504,Region,34.971218,138.435172,,,7356.0
100505,Region,34.977233,138.418075,,,3198.0
100506,Region,34.973524,138.419836,,,1908.0
100507,Region,34.971686,138.415695,,,1571.0
100508,Region,34.981119,138.43308,,,8407.0
100509,Region,34.987451,138.427761,,,2564.0
100510,Region,34.991613,138.428133,,,1176.0
100511,Region,34.986214,138.442223,,,0.0
100512,Region,34.998583,138.427567,,,487.0
100513,Region,34.99655,138.429536,,,121.0
100514,Region,34.994988,138.431951,,,370.0
100515,Region,34.99305,138.433241,,,699.0
100516,Region,34.991432,138.435499,,,785.0
100517,Region,34.989031,138.438563,,,1562.0
100518,Region,34.999036,138.434077,,,1273.0
100519,Region,34.989249,138.44683,,,2290.0
100520,Region,34.98021,138.450157,,,34.0
100521,Region,34.963309,138.414358,,,1265.0
100522,Region,34.964574,138.416959,,,537.0
100523,Region,34.960888,138.418157,,,81.0
100524,Region,34.966746,138.418722,,,18.0
100525,Region,34.96384,138.422337,,,114.0
100526,Region,34.959528,138.422997,,,160.0
100527,Region,34.95628,138.425119,,,117.0
100528,Region,34.953154,138.426313,,,353.0
100529,Region,34.960511,138.435022,,,6771.0
100530,Region,34.949325,138.428121,,,697.0
100531,Region,34.949628,138.430819,,,830.0
100532,Region,34.950419,138.434811,,,927.0
100533,Region,34.952272,138.440414,,,383.0
100534,Region,34.97251,138.449088,,,0.0
100535,Region,34.960471,138.449814,,,0.0
100536,Region,34.9689,138.452389,,,0.0
100537,Region,34.954545,138.445784,,,192.0
100538,Region,34.971528,138.452035,,,0.0
100539,Region,34.956818,138.448909,,,126.0
100540,Region,34.965394,138.450062,,,0.0
100541,Region,34.9659,138.454179,,,153.0
100542,Region,34.971843,138.458536,,,0.0
100543,Region,34.97146,138.450489,,,0.0
100544,Region,34.961431,138.460178,,,192.0
100545,Region,34.960669,138.465225,,,0.0
100546,Region,34.96656,138.467355,,,349.0
100547,Region,34.951508,138.367797,,,3146.0
100548,Region,34.945081,138.369316,,,0.0
100549,Region,34.950278,138.369615,,,50.0
100550,Region,34.951962,138.372427,,,653.0
100551,Region,34.94797,138.376194,,,1112.0
100552,Region,34.945513,138.371688,,,1150.0
100553,Region,34.944223,138.378192,,,1667.0
100554,Region,34.942311,138.3718,,,795.0
100555,Region,34.942543,138.368338,,,1084.0
100556,Region,34.939784,138.368653,,,741.0
100557,Region,34.937362,138.368801,,,626.0
100558,Region,34.941836,138.365366,,,781.0
100559,Region,34.937985,138.365713,,,761.0
100560,Region,34.932401,138.387172,,,528.0
100561,Region,34.941481,138.381181,,,844.0
100562,Region,34.939002,138.376016,,,1973.0
100563,Region,34.936678,138.372456,,,1285.0
100564,Region,34.937569,138.384345,,,1104.0
100565,Region,34.935065,138.379497,,,1455.0
100566,Region,34.932968,138.374894,,,1234.0
100567,Region,34.923401,138.368601,,,0.0
100568,Region,34.930439,138.37786,,,1585.0
100569,Region,34.928107,138.38263,,,196.0
100570,Region,34.934842,138.368953,,,799.0
100571,Region,34.932419,138.367279,,,867.0
100572,Region,34.930198,138.369223,,,749.0
100573,Region,34.927509,138.37051400000001,,,732.0
100574,Region,34.925015,138.372467,,,930.0
100575,Region,34.928648,138.373794,,,823.0
100576,Region,34.923829,138.375461,,,0.0
100577,Region,34.941045,138.373067,,,229.0
100578,Region,34.931816,138.362523,,,0.0
100579,Region,34.928179,138.365476,,,858.0
100580,Region,34.923429,138.36622,,,632.0
100581,Region,34.922372,138.364437,,,758.0
100582,Region,34.921151,138.362805,,,814.0
100583,Region,34.919446,138.360655,,,763.0
100584,Region,34.930523,138.360747,,,48.0
100585,Region,34.923286,138.358996,,,111.0
100586,Region,34.927388,138.361425,,,89.0
100587,Region,34.935225,138.361855,,,1502.0
100588,Region,34.934059,138.354283,,,166.0
100589,Region,34.921302,138.342187,,,873.0
100590,Region,34.92652,138.356345,,,0.0
100591,Region,34.930063,138.356368,,,18.0
100592,Region,34.927796,138.354014,,,22.0
100593,Region,34.909369,138.349839,,,778.0
100594,Region,34.961726,138.356951,,,5137.0
100595,Region,34.951256,138.357087,,,0.0
100596,Region,34.957208,138.365715,,,990.0
100597,Region,34.950254,138.361028,,,0.0
100598,Region,34.950259,138.362731,,,1646.0
100599,Region,34.943022,138.362191,,,3400.0
100600,Region,34.939559,138.357637,,,1723.0
100601,Region,34.943936,138.329626,,,2490.0
100602,Region,34.946695,138.357826,,,1069.0
100603,Region,34.943383,138.356366,,,1154.0
100604,Region,34.946671,138.353117,,,1035.0
100605,Region,34.944423,138.352999,,,870.0
100606,Region,34.942606,138.352275,,,839.0
100607,Region,34.947435,138.348542,,,956.0
100608,Region,34.949619,138.340281,,,531.0
100609,Region,34.950831,138.351493,,,491.0
100610,Region,34.951288,138.343968,,,1276.0
100611,Region,34.943079,138.30288,,,194.0
100612,Region,34.943116,138.347737,,,716.0
100613,Region,34.946119,138.365351,,,930.0
100614,Region,34.985087,138.416703,,,638.0
100615,Region,34.95185,138.360689,,,665.0
100616,Region,34.950804,138.358577,,,737.0
100617,Region,35.030245,138.480452,,,533.0
100618,Region,35.027322,138.488819,,,810.0
100619,Region,35.027147,138.48697,,,598.0
100620,Region,35.030342,138.487994,,,424.0
100621,Region,35.027931,138.485239,,,675.0
100622,Region,35.029807,138.483534,,,330.0
100623,Region,35.032218,138.486271,,,845.0
100624,Region,35.03095,138.485122,,,414.0
100625,Region,35.021683,138.488024,,,499.0
100626,Region,35.028934,138.490239,,,13.0
100627,Region,35.033244,138.487755,,,221.0
100628,Region,35.025206,138.474891,,,753.0
100629,Region,35.025997,138.480334,,,320.0
100630,Region,35.02603,138.47892,,,165.0
100631,Region,35.023259,138.475657,,,883.0
100632,Region,35.025078,138.481839,,,311.0
100633,Region,35.027178,138.481876,,,276.0
100634,Region,35.028624,138.481697,,,235.0
100635,Region,35.026105,138.483424,,,326.0
100636,Region,35.024555,138.485702,,,628.0
100637,Region,35.022263,138.479463,,,482.0
100638,Region,35.020165,138.481609,,,732.0
100639,Region,35.023017,138.482475,,,311.0
100640,Region,35.021657,138.482519,,,429.0
100641,Region,35.022928,138.485589,,,448.0
100642,Region,35.021614,138.485575,,,301.0
100643,Region,35.020142,138.485785,,,475.0
100644,Region,35.018598,138.48541,,,405.0
100645,Region,35.027219,138.476275,,,830.0
100646,Region,35.015589,138.467948,,,366.0
100647,Region,35.014383,138.47626,,,464.0
100648,Region,35.014572,138.47879,,,242.0
100649,Region,35.018314,138.481315,,,540.0
100650,Region,35.01781,138.479103,,,373.0
100651,Region,35.017504,138.476723,,,477.0
100652,Region,35.016057,138.478897,,,522.0
100653,Region,35.015872,138.473836,,,657.0
100654,Region,35.013573,138.472858,,,920.0
100655,Region,35.014699,138.470281,,,445.0
100656,Region,35.013428,138.467097,,,1002.0
100657,Region,35.016299,138.481764,,,412.0
100658,Region,35.017093,138.473119,,,579.0
100659,Region,35.020078,138.472331,,,550.0
100660,Region,35.020992,138.47461,,,359.0
100661,Region,35.019594,138.476967,,,355.0
100662,Region,35.016565,138.467201,,,742.0
100663,Region,35.022697,138.470422,,,448.0
100664,Region,35.019688,138.469676,,,515.0
100665,Region,35.019118,138.467439,,,462.0
100666,Region,35.015244,138.464334,,,0.0
100667,Region,35.023994,138.463935,,,1757.0
100668,Region,35.012068,138.461646,,,0.0
100669,Region,35.016243,138.488361,,,254.0
100670,Region,35.016143,138.489437,,,137.0
100671,Region,35.018062,138.491334,,,234.0
100672,Region,35.016047,138.486995,,,264.0
100673,Region,35.014725,138.484999,,,1469.0
100674,Region,35.011428,138.485485,,,425.0
100675,Region,35.009865,138.486358,,,320.0
100676,Region,35.012466,138.487386,,,423.0
100677,Region,35.01256,138.489064,,,393.0
100678,Region,35.012904,138.480035,,,545.0
100679,Region,35.014019,138.482452,,,553.0
100680,Region,35.012566,138.49092,,,190.0
100681,Region,35.010921,138.482124,,,642.0
100682,Region,35.013474,138.494162,,,0.0
100683,Region,35.008747,138.475739,,,781.0
100684,Region,35.010751,138.477828,,,556.0
100685,Region,35.007842,138.473009,,,992.0
100686,Region,35.006796,138.487309,,,503.0
100687,Region,35.004674,138.482944,,,407.0
100688,Region,35.008064,138.484479,,,690.0
100689,Region,35.007863,138.482161,,,506.0
100690,Region,35.005427,138.485378,,,452.0
100691,Region,35.006095,138.479695,,,944.0
100692,Region,35.002963,138.480168,,,1048.0
100693,Region,35.00351,138.475203,,,750.0
100694,Region,35.000751,138.476563,,,1183.0
100695,Region,34.999907,138.478902,,,801.0
100696,Region,35.012032,138.473714,,,362.0
100697,Region,35.01056,138.472888,,,310.0
100698,Region,35.007595,138.477237,,,192.0
100699,Region,35.005836,138.477175,,,952.0
100700,Region,35.004263,138.469214,,,993.0
100701,Region,34.997869,138.467565,,,10.0
100702,Region,35.001949,138.466664,,,479.0
100703,Region,35.000551,138.468309,,,434.0
100704,Region,34.999072,138.470606,,,721.0
100705,Region,34.991349,138.468334,,,629.0
100706,Region,35.001107,138.472068,,,1379.0
100707,Region,35.002907,138.473067,,,790.0
100708,Region,35.007471,138.469308,,,697.0
100709,Region,35.005963,138.471631,,,904.0
100710,Region,35.01155,138.468348,,,362.0
100711,Region,35.009951,138.469213,,,440.0
100712,Region,34.996181,138.475386,,,1036.0
100713,Region,35.003793,138.463907,,,730.0
100714,Region,35.00647,138.489763,,,303.0
100715,Region,35.008409,138.488406,,,248.0
100716,Region,35.002993,138.491364,,,378.0
100717,Region,35.00903,138.493002,,,167.0
100718,Region,35.007619,138.492857,,,471.0
100719,Region,35.005114,138.490867,,,199.0
100720,Region,35.003273,138.488863,,,844.0
100721,Region,35.002546,138.483872,,,880.0
100722,Region,35.000748,138.484515,,,629.0
100723,Region,35.000664,138.492579,,,707.0
100724,Region,35.002634,138.487053,,,439.0
100725,Region,35.010004,138.489146,,,107.0
100726,Region,35.010179,138.491765,,,318.0
100727,Region,35.004804,138.493563,,,145.0
100728,Region,35.006182,138.496187,,,9.0
100729,Region,34.998931,138.479855,,,526.0
100730,Region,34.991877,138.496462,,,0.0
100731,Region,34.993862,138.494203,,,59.0
100732,Region,34.994192,138.489175,,,674.0
100733,Region,34.996985,138.483879,,,486.0
100734,Region,34.995035,138.484845,,,1337.0
100735,Region,34.992502,138.486461,,,934.0
100736,Region,34.983364,138.4874,,,2634.0
100737,Region,34.985771,138.47844,,,1498.0
100738,Region,34.996276,138.491078,,,921.0
100739,Region,34.999631,138.488878,,,540.0
100740,Region,34.998947,138.486553,,,626.0
100741,Region,34.996874,138.488107,,,526.0
100742,Region,34.998718,138.483385,,,744.0
100743,Region,34.997498,138.48079,,,470.0
100744,Region,34.998904,138.496218,,,0.0
100745,Region,34.997043,138.493412,,,6.0
100746,Region,34.993024,138.498898,,,0.0
100747,Region,34.97409,138.481314,,,249.0
100748,Region,34.96918,138.484843,,,132.0
100749,Region,34.967074,138.476548,,,122.0
100750,Region,34.983533,138.498248,,,531.0
100751,Region,34.982168,138.502991,,,645.0
100752,Region,34.979901,138.505901,,,546.0
100753,Region,34.978105,138.501259,,,919.0
100754,Region,34.979195,138.496013,,,1161.0
100755,Region,34.975441000000004,138.498566,,,547.0
100756,Region,34.973023,138.493972,,,348.0
100757,Region,34.975922,138.491665,,,828.0
100758,Region,34.980177,138.490072,,,688.0
100759,Region,34.978908,138.491494,,,497.0
100760,Region,34.977359,138.49067,,,619.0
100761,Region,34.996425,138.51287,,,1110.0
100762,Region,34.983179,138.508671,,,545.0
100763,Region,34.987977,138.510779,,,698.0
100764,Region,34.986264,138.514189,,,558.0
100765,Region,34.992256,138.513,,,754.0
100766,Region,34.991187,138.518098,,,743.0
100767,Region,35.006903,138.518292,,,8199.0
100768,Region,35.033041,138.460695,,,1154.0
100769,Region,35.031973,138.458035,,,1104.0
100770,Region,35.038188,138.462069,,,0.0
100771,Region,35.038115,138.45681,,,1164.0
100772,Region,35.034227,138.470731,,,1007.0
100773,Region,35.03596,138.46597,,,905.0
100774,Region,35.038304,138.470544,,,1069.0
100775,Region,35.036647,138.468356,,,1213.0
100776,Region,35.032093,138.467501,,,626.0
100777,Region,35.034013,138.464116,,,1014.0
100778,Region,35.039551,138.468988,,,7.0
100779,Region,35.031162,138.464892,,,744.0
100780,Region,35.024567,138.467855,,,164.0
100781,Region,35.03579,138.461826,,,638.0
100782,Region,35.041957,138.457674,,,2536.0
100783,Region,35.051868,138.459834,,,2367.0
100784,Region,35.038388,138.478529,,,36.0
100785,Region,35.040924,138.472052,,,0.0
100786,Region,35.029167,138.477945,,,371.0
100787,Region,35.036395,138.474737,,,1169.0
100788,Region,35.03882,138.473759,,,991.0
100789,Region,35.035271,138.480381,,,594.0
100790,Region,35.034213,138.477842,,,683.0
100791,Region,35.032601,138.476431,,,719.0
100792,Region,35.032103,138.474338,,,1334.0
100793,Region,35.030229,138.4724,,,682.0
100794,Region,35.029815,138.468405,,,915.0
100795,Region,35.027877,138.472898,,,1061.0
100796,Region,35.027053,138.468552,,,845.0
100797,Region,35.025467,138.467972,,,332.0
100798,Region,35.031991,138.471004,,,295.0
100799,Region,35.050076,138.443591,,,3929.0
100800,Region,35.031513,138.452904,,,6540.0
100801,Region,35.026127,138.441781,,,930.0
100802,Region,35.026556,138.45796,,,162.0
100803,Region,35.024776,138.452804,,,0.0
100804,Region,35.037778,138.440523,,,995.0
100805,Region,35.016321,138.433927,,,1694.0
100806,Region,35.024403,138.458215,,,1376.0
100807,Region,35.02109,138.443635,,,0.0
100808,Region,35.030075,138.462768,,,619.0
100809,Region,35.029195,138.460499,,,393.0
100810,Region,35.027497,138.463995,,,217.0
100811,Region,35.01178,138.456982,,,23.0
100812,Region,35.009929,138.458795,,,150.0
100813,Region,35.008987,138.456139,,,614.0
100814,Region,35.016694,138.457746,,,2816.0
100815,Region,35.01855,138.463298,,,2391.0
100816,Region,35.011888,138.460969,,,0.0
100817,Region,35.004232,138.441501,,,23.0
100818,Region,35.005427,138.450584,,,872.0
100819,Region,34.98724,138.456192,,,4183.0
100820,Region,35.005872,138.440303,,,0.0
100821,Region,35.00485,138.443781,,,0.0
100822,Region,35.001358,138.443739,,,1234.0
100823,Region,35.005294,138.446975,,,1405.0
100824,Region,35.002186,138.447337,,,988.0
100825,Region,35.009897,138.438701,,,2460.0
100826,Region,35.007906,138.442871,,,2474.0
100827,Region,35.008215,138.447788,,,918.0
100828,Region,35.014934,138.444119,,,2389.0
100829,Region,35.017985,138.44847,,,1048.0
100830,Region,35.009775,138.445186,,,0.0
100831,Region,35.012824,138.45157,,,719.0
100832,Region,35.009091,138.452992,,,828.0
100833,Region,35.010359,138.451227,,,514.0
100834,Region,35.004998,138.438997,,,57.0
100835,Region,34.998269,138.440337,,,422.0
100836,Region,34.999736,138.4391,,,856.0
100837,Region,35.002119,138.438579,,,336.0
100838,Region,35.015478,138.453208,,,330.0
100839,Region,35.019564,138.45205,,,475.0
100840,Region,35.022731,138.453835,,,0.0
100841,Region,34.991963,138.46126,,,1137.0
100842,Region,34.997371,138.442046,,,949.0
100843,Region,35.007019,138.463101,,,1221.0
100844,Region,35.012205,138.463987,,,0.0
100845,Region,35.001507,138.46329,,,0.0
100846,Region,35.009138,138.466729,,,901.0
100847,Region,35.007078,138.465977,,,1033.0
100848,Region,35.005673,138.456366,,,1191.0
100849,Region,35.002284,138.457295,,,231.0
100850,Region,35.010573,138.462638,,,1101.0
100851,Region,35.007029,138.460056,,,571.0
100852,Region,35.003941,138.45403,,,847.0
100853,Region,35.002377,138.45287,,,663.0
100854,Region,35.002248,138.450646,,,630.0
100855,Region,35.007386,138.453794,,,193.0
100856,Region,35.031969,138.49275,,,2911.0
100857,Region,35.036797,138.484923,,,3168.0
100858,Region,35.032824,138.482656,,,798.0
100859,Region,35.045294,138.49604,,,174.0
100860,Region,35.036961,138.503779,,,0.0
100861,Region,35.0468,138.503607,,,936.0
100862,Region,35.039005,138.499807,,,602.0
100863,Region,35.039644,138.495619,,,280.0
100864,Region,35.04407,138.50036,,,794.0
100865,Region,35.041674,138.497866,,,874.0
100866,Region,35.070658,138.450455,,,606.0
100867,Region,35.050366,138.472505,,,3669.0
100868,Region,35.050549,138.493347,,,376.0
100869,Region,35.050602,138.4869,,,1084.0
100870,Region,35.08022,138.482138,,,282.0
100871,Region,35.055611,138.477437,,,1041.0
100872,Region,35.061288,138.498736,,,198.0
100873,Region,35.082915,138.494088,,,220.0
100874,Region,35.06201,138.483456,,,1518.0
100875,Region,35.08628,138.46747,,,490.0
100876,Region,35.064017,138.534519,,,727.0
100877,Region,35.073407,138.532301,,,345.0
100878,Region,35.050455,138.511268,,,627.0
100879,Region,35.057274,138.524107,,,4418.0
100880,Region,35.050767,138.517875,,,1022.0
100881,Region,35.084233,138.527359,,,449.0
100882,Region,35.064908,138.524632,,,0.0
100883,Region,35.07351,138.513386,,,1031.0
100884,Region,35.077119,138.519761,,,158.0
100885,Region,35.065481,138.517437,,,3247.0
100886,Region,35.085454,138.509195,,,1835.0
100887,Region,35.084512,138.511015,,,0.0
100888,Region,35.088831,138.517136,,,254.0
100889,Region,35.126742,138.514047,,,1090.0
100890,Region,35.163843,138.514813,,,552.0
100891,Region,35.095857,138.527235,,,186.0
100892,Region,35.103117,138.524371,,,1014.0
100893,Region,35.173954,138.419917,,,159.0
100894,Region,35.106402,138.490882,,,195.0
100895,Region,35.142393,138.419784,,,308.0
100896,Region,35.112104,138.465706,,,165.0
100897,Region,35.093833,138.444149,,,80.0
100898,Region,35.128963,138.456861,,,157.0
100899,Region,35.116345,138.451002,,,32.0
100900,Region,35.151199,138.4703,,,906.0
100901,Region,35.114807,138.420361,,,247.0
100902,Region,35.104792,138.442023,,,157.0
100903,Region,35.104149,138.477965,,,242.0
100904,Region,35.023824,138.513865,,,0.0
100905,Region,35.109918,138.56667,,,1964.0
100906,Region,35.10688,138.560857,,,710.0
100907,Region,35.105509,138.557114,,,1279.0
100908,Region,35.100314,138.541629,,,764.0
100909,Region,35.092945,138.548007,,,383.0
100910,Region,35.078447,138.54336,,,125.0
100911,Region,35.087341,138.546203,,,68.0
100912,Region,35.10776,138.547573,,,197.0
100913,Region,35.118327,138.546004,,,864.0
100914,Region,35.122173,138.561688,,,434.0
100915,Region,35.140493,138.556398,,,591.0
100916,Region,35.112736,138.575211,,,800.0
100917,Region,35.114451,138.58119,,,596.0
100918,Region,35.11467,138.587022,,,1135.0
100919,Region,35.12813,138.582803,,,694.0
100920,Region,35.116063,138.598431,,,495.0
100921,Region,35.118602,138.597454,,,496.0
100922,Region,35.122507,138.62339,,,2387.0
100923,Region,35.130599,138.600286,,,0.0
100924,Region,35.114954,138.596119,,,0.0
100925,Region,35.126434,138.614204,,,694.0
100926,Region,35.121913,138.608146,,,383.0
100927,Region,35.119703,138.60355,,,790.0
100928,Region,35.116796,138.605439,,,907.0
100929,Region,35.125961,138.622403,,,541.0
100930,Region,35.12775,138.624693,,,688.0
100931,Region,35.073098,138.473986,,,0.0
100932,Region,34.995651,138.51895,,,665.0
300001,ShelterTriage,34.9822861,138.38303131,1.0,triage,
300002,ShelterTreatment,34.9822861,138.38303131,1.0,treatment,
300003,ShelterTriage,34.97019029,138.37710989,2.0,triage,
300004,ShelterTreatment,34.97019029,138.37710989,2.0,treatment,
300005,ShelterTriage,34.97528121,138.36894676,3.0,triage,
300006,ShelterTreatment,34.97528121,138.36894676,3.0,treatment,
300007,ShelterTriage,34.98093892,138.37428506,4.0,triage,
300008,ShelterTreatment,34.98093892,138.37428506,4.0,treatment,
300009,ShelterTriage,34.97536207,138.39128899,5.0,triage,
300010,ShelterTreatment,34.97536207,138.39128899,5.0,treatment,
300011,ShelterTriage,34.98609409,138.39289131,6.0,triage,
300012,ShelterTreatment,34.98609409,138.39289131,6.0,treatment,
300013,ShelterTriage,34.9917488,138.38344209,7.0,triage,
300014,ShelterTreatment,34.9917488,138.38344209,7.0,treatment,
300015,ShelterTriage,35.00278352,138.38793293,8.0,triage,
300016,ShelterTreatment,35.00278352,138.38793293,8.0,treatment,
300017,ShelterTriage,34.999059,138.39631558,9.0,triage,
300018,ShelterTreatment,34.999059,138.39631558,9.0,treatment,
300019,ShelterTriage,34.99615117,138.40685916,10.0,triage,
300020,ShelterTreatment,34.99615117,138.40685916,10.0,treatment,
300021,ShelterTriage,35.0058139,138.41386669,11.0,triage,
300022,ShelterTreatment,35.0058139,138.41386669,11.0,treatment,
300023,ShelterTriage,35.02311803,138.42200475,12.0,triage,
300024,ShelterTreatment,35.02311803,138.42200475,12.0,treatment,
300025,ShelterTriage,35.00223157,138.42262178,13.0,triage,
300026,ShelterTreatment,35.00223157,138.42262178,13.0,treatment,
300027,ShelterTriage,35.02569472,138.38949368,14.0,triage,
300028,ShelterTreatment,35.02569472,138.38949368,14.0,treatment,
300029,ShelterTriage,34.98565449,138.33662754,15.0,triage,
300030,ShelterTreatment,34.98565449,138.33662754,15.0,treatment,
300031,ShelterTriage,34.98844348,138.36676899,16.0,triage,
300032,ShelterTreatment,34.98844348,138.36676899,16.0,treatment,
300033,ShelterTriage,35.00464994,138.36869861,17.0,triage,
300034,ShelterTreatment,35.00464994,138.36869861,17.0,treatment,
300035,ShelterTriage,35.01448219,138.37472018,18.0,triage,
300036,ShelterTreatment,35.01448219,138.37472018,18.0,treatment,
300037,ShelterTriage,35.02238129,138.35980789,19.0,triage,
300038,ShelterTreatment,35.02238129,138.35980789,19.0,treatment,
300039,ShelterTriage,35.04375649,138.36772355,20.0,triage,
300040,ShelterTreatment,35.04375649,138.36772355,20.0,treatment,
300041,ShelterTriage,34.97147367,138.39274728,21.0,triage,
300042,ShelterTreatment,34.97147367,138.39274728,21.0,treatment,
300043,ShelterTriage,34.96387182,138.39234476,22.0,triage,
300044,ShelterTreatment,34.96387182,138.39234476,22.0,treatment,
300045,ShelterTriage,34.96241102,138.40311047,23.0,triage,
300046,ShelterTreatment,34.96241102,138.40311047,23.0,treatment,
300047,ShelterTriage,34.95695314,138.3863761,24.0,triage,
300048,ShelterTreatment,34.95695314,138.3863761,24.0,treatment,
300049,ShelterTriage,34.94107466,138.39956421,25.0,triage,
300050,ShelterTreatment,34.94107466,138.39956421,25.0,treatment,
300051,ShelterTriage,34.96064186,138.40991822,26.0,triage,
300052,ShelterTreatment,34.96064186,138.40991822,26.0,treatment,
300053,ShelterTriage,34.97836743,138.40735404,27.0,triage,
300054,ShelterTreatment,34.97836743,138.40735404,27.0,treatment,
300055,ShelterTriage,34.98404483,138.42346642,28.0,triage,
300056,ShelterTreatment,34.98404483,138.42346642,28.0,treatment,
300057,ShelterTriage,34.95483166,138.42928326,29.0,triage,
300058,ShelterTreatment,34.95483166,138.42928326,29.0,treatment,
300059,ShelterTriage,34.98914198,138.43768215,30.0,triage,
300060,ShelterTreatment,34.98914198,138.43768215,30.0,treatment,
300061,ShelterTriage,34.96236308,138.35866486,31.0,triage,
300062,ShelterTreatment,34.96236308,138.35866486,31.0,treatment,
300063,ShelterTriage,34.94603754,138.37268333,32.0,triage,
300064,ShelterTreatment,34.94603754,138.37268333,32.0,treatment,
300065,ShelterTriage,34.94629807,138.35040785,33.0,triage,
300066,ShelterTreatment,34.94629807,138.35040785,33.0,treatment,
300067,ShelterTriage,34.93772177,138.36812291,34.0,triage,
300068,ShelterTreatment,34.93772177,138.36812291,34.0,treatment,
300069,ShelterTriage,35.02892165,138.47978583,35.0,triage,
300070,ShelterTreatment,35.02892165,138.47978583,35.0,treatment,
300071,ShelterTriage,35.01456217,138.47423957,36.0,triage,
300072,ShelterTreatment,35.01456217,138.47423957,36.0,treatment,
300073,ShelterTriage,35.01119036,138.47763378,37.0,triage,
300074,ShelterTreatment,35.01119036,138.47763378,37.0,treatment,
300075,ShelterTriage,34.99828894,138.47188189,38.0,triage,
300076,ShelterTreatment,34.99828894,138.47188189,38.0,treatment,
300077,ShelterTriage,34.99061498,138.48666946,39.0,triage,
300078,ShelterTreatment,34.99061498,138.48666946,39.0,treatment,
300079,ShelterTriage,34.99089039,138.51652494,40.0,triage,
300080,ShelterTreatment,34.99089039,138.51652494,40.0,treatment,
300081,ShelterTriage,35.03479284,138.45619902,41.0,triage,
300082,ShelterTreatment,35.03479284,138.45619902,41.0,treatment,
300083,ShelterTriage,35.00698224,138.4531974,42.0,triage,
300084,ShelterTreatment,35.00698224,138.4531974,42.0,treatment,
300085,ShelterTriage,35.00191328,138.44811196,43.0,triage,
300086,ShelterTreatment,35.00191328,138.44811196,43.0,treatment,
300087,ShelterTriage,35.05187148,138.47526644,44.0,triage,
300088,ShelterTreatment,35.05187148,138.47526644,44.0,treatment,
300089,ShelterTriage,35.05606039,138.52226465,45.0,triage,
300090,ShelterTreatment,35.05606039,138.52226465,45.0,treatment,
300091,ShelterTriage,35.10166341,138.51064721,46.0,triage,
300092,ShelterTreatment,35.10166341,138.51064721,46.0,treatment,
300093,ShelterTriage,35.10771718,138.47910673,47.0,triage,
300094,ShelterTreatment,35.10771718,138.47910673,47.0,treatment,
300095,ShelterTriage,35.12419344,138.61968184,48.0,triage,
300096,ShelterTreatment,35.12419344,138.61968184,48.0,treatment,
300097,ShelterTriage,35.1190602,138.59521694,49.0,triage,
300098,ShelterTreatment,35.1190602,138.59521694,49.0,treatment,
300099,ShelterTriage,35.1079926,138.56336915,50.0,triage,
300100,ShelterTreatment,35.1079926,138.56336915,50.0,treatment,
300101,ShelterTriage,35.03578073,138.42768477,51.0,triage,
300102,ShelterTreatment,35.03578073,138.42768477,51.0,treatment,
300103,ShelterTriage,34.97974051,138.30903887,52.0,triage,
300104,ShelterTreatment,34.97974051,138.30903887,52.0,treatment,
300105,ShelterTriage,35.02143656,138.26044681,53.0,triage,
300106,ShelterTreatment,35.02143656,138.26044681,53.0,treatment,
300107,ShelterTriage,34.98789514,138.30870256,54.0,triage,
300108,ShelterTreatment,34.98789514,138.30870256,54.0,treatment,
300109,ShelterTriage,35.22210266,138.24428604,55.0,triage,
300110,ShelterTreatment,35.22210266,138.24428604,55.0,treatment,
300111,ShelterTriage,35.2440998,138.34219176,56.0,triage,
300112,ShelterTreatment,35.2440998,138.34219176,56.0,treatment,
300113,ShelterTriage,35.11056543,138.33098889,57.0,triage,
300114,ShelterTreatment,35.11056543,138.33098889,57.0,treatment,
300115,ShelterTriage,35.06888998,138.24436819,58.0,triage,
300116,ShelterTreatment,35.06888998,138.24436819,58.0,treatment,
500001,EmergencyHospitalTriage,35.019833,138.397552,1.0,triage,
500002,EmergencyHospitalTreatment,35.019833,138.397552,1.0,treatment,
500003,EmergencyHospitalTriage,34.979336,138.371048,2.0,triage,
500004,EmergencyHospitalTreatment,34.979336,138.371048,2.0,treatment,
500005,EmergencyHospitalTriage,35.045265,138.474518,3.0,triage,
500006,EmergencyHospitalTreatment,35.045265,138.474518,3.0,treatment,
500007,EmergencyHospitalTriage,35.031418,138.492584,4.0,triage,
500008,EmergencyHospitalTreatment,35.031418,138.492584,4.0,treatment,
500009,EmergencyHospitalTriage,34.931961,138.384445,5.0,triage,
500010,EmergencyHospitalTreatment,34.931961,138.384445,5.0,treatment,
600001,DisasterHospitalTriage,35.001636,138.386416,1.0,triage,
600002,DisasterHospitalTreatment,35.001636,138.386416,1.0,treatment,
600003,DisasterHospitalTriage,34.9784811,138.379676,2.0,triage,
600004,DisasterHospitalTreatment,34.9784811,138.379676,2.0,treatment,
600005,DisasterHospitalTriage,34.982959,138.490143,3.0,triage,
600006,DisasterHospitalTreatment,34.982959,138.490143,3.0,treatment,
600007,DisasterHospitalTriage,34.976307,138.380736,4.0,triage,
600008,DisasterHospitalTreatment,34.976307,138.380736,4.0,treatment,
600009,DisasterHospitalTriage,34.975888,138.413086,5.0,triage,
600010,DisasterHospitalTreatment,34.975888,138.413086,5.0,treatment,
400001,AmbulanceFromShelter,34.9822861,138.38303131,1.0,,
400002,AmbulanceFromShelter,34.97019029,138.37710989,2.0,,
400003,AmbulanceFromShelter,34.97528121,138.36894676,3.0,,
400004,AmbulanceFromShelter,34.98093892,138.37428506,4.0,,
400005,AmbulanceFromShelter,34.97536207,138.39128899,5.0,,
400006,AmbulanceFromShelter,34.98609409,138.39289131,6.0,,
400007,AmbulanceFromShelter,34.9917488,138.38344209,7.0,,
400008,AmbulanceFromShelter,35.00278352,138.38793293,8.0,,
400009,AmbulanceFromShelter,34.999059,138.39631558,9.0,,
400010,AmbulanceFromShelter,34.99615117,138.40685916,10.0,,
400011,AmbulanceFromShelter,35.0058139,138.41386669,11.0,,
400012,AmbulanceFromShelter,35.02311803,138.42200475,12.0,,
400013,AmbulanceFromShelter,35.00223157,138.42262178,13.0,,
400014,AmbulanceFromShelter,35.02569472,138.38949368,14.0,,
400015,AmbulanceFromShelter,34.98565449,138.33662754,15.0,,
400016,AmbulanceFromShelter,34.98844348,138.36676899,16.0,,
400017,AmbulanceFromShelter,35.00464994,138.36869861,17.0,,
400018,AmbulanceFromShelter,35.01448219,138.37472018,18.0,,
400019,AmbulanceFromShelter,35.02238129,138.35980789,19.0,,
400020,AmbulanceFromShelter,35.04375649,138.36772355,20.0,,
400021,AmbulanceFromShelter,34.97147367,138.39274728,21.0,,
400022,AmbulanceFromShelter,34.96387182,138.39234476,22.0,,
400023,AmbulanceFromShelter,34.96241102,138.40311047,23.0,,
400024,AmbulanceFromShelter,34.95695314,138.3863761,24.0,,
400025,AmbulanceFromShelter,34.94107466,138.39956421,25.0,,
400026,AmbulanceFromShelter,34.96064186,138.40991822,26.0,,
400027,AmbulanceFromShelter,34.97836743,138.40735404,27.0,,
400028,AmbulanceFromShelter,34.98404483,138.42346642,28.0,,
400029,AmbulanceFromShelter,34.95483166,138.42928326,29.0,,
400030,AmbulanceFromShelter,34.98914198,138.43768215,30.0,,
400031,AmbulanceFromShelter,34.96236308,138.35866486,31.0,,
400032,AmbulanceFromShelter,34.94603754,138.37268333,32.0,,
400033,AmbulanceFromShelter,34.94629807,138.35040785,33.0,,
400034,AmbulanceFromShelter,34.93772177,138.36812291,34.0,,
400035,AmbulanceFromShelter,35.02892165,138.47978583,35.0,,
400036,AmbulanceFromShelter,35.01456217,138.47423957,36.0,,
400037,AmbulanceFromShelter,35.01119036,138.47763378,37.0,,
400038,AmbulanceFromShelter,34.99828894,138.47188189,38.0,,
400039,AmbulanceFromShelter,34.99061498,138.48666946,39.0,,
400040,AmbulanceFromShelter,34.99089039,138.51652494,40.0,,
400041,AmbulanceFromShelter,35.03479284,138.45619902,41.0,,
400042,AmbulanceFromShelter,35.00698224,138.4531974,42.0,,
400043,AmbulanceFromShelter,35.00191328,138.44811196,43.0,,
400044,AmbulanceFromShelter,35.05187148,138.47526644,44.0,,
400045,AmbulanceFromShelter,35.05606039,138.52226465,45.0,,
400046,AmbulanceFromShelter,35.10166341,138.51064721,46.0,,
400047,AmbulanceFromShelter,35.10771718,138.47910673,47.0,,
400048,AmbulanceFromShelter,35.12419344,138.61968184,48.0,,
400049,AmbulanceFromShelter,35.1190602,138.59521694,49.0,,
400050,AmbulanceFromShelter,35.1079926,138.56336915,50.0,,
400051,AmbulanceFromShelter,35.03578073,138.42768477,51.0,,
400052,AmbulanceFromShelter,34.97974051,138.30903887,52.0,,
400053,AmbulanceFromShelter,35.02143656,138.26044681,53.0,,
400054,AmbulanceFromShelter,34.98789514,138.30870256,54.0,,
400055,AmbulanceFromShelter,35.22210266,138.24428604,55.0,,
400056,AmbulanceFromShelter,35.2440998,138.34219176,56.0,,
400057,AmbulanceFromShelter,35.11056543,138.33098889,57.0,,
400058,AmbulanceFromShelter,35.06888998,138.24436819,58.0,,
700001,AmbulanceTransfer,35.019833,138.397552,1.0,,
700002,AmbulanceTransfer,34.979336,138.371048,2.0,,
700003,AmbulanceTransfer,35.045265,138.474518,3.0,,
700004,AmbulanceTransfer,35.031418,138.492584,4.0,,
700005,AmbulanceTransfer,34.931961,138.384445,5.0,,
900001,Cure,40.0,-5.0,,,
900002,Death,40.0,-10.0,,,
